hash,blockchain,transaction_type,amount,wallet_addr,date,fee_crypto,fee_crypto_ticker,fee_usd,usd_ils_rate,fee_ils_standard,fee_ils_markup_6pct
0x0f6a537507c1607c289fdc81791a4377acf9061d32c39f65bd2ff5ba0f203b34,ETH,Cash Out,0.25035126,0x099e4d43fba287a9bf195b9271dbd689c78b94a3,2026-03-06,0.00002187,ETH,0.05,3.1829,0.14,0.15
0xf7c53bc8b58806b88328532922f2c3570fe2d708f0a3668bcd013eae5e2a7459,ETH,Cash Out,0.01614208,0x859cbf1c064d8d53a9cb6f88ad539f084ee41226,2026-03-06,0.00002196,ETH,0.05,3.1829,0.15,0.15
0xa086d169a28d1317a96de22764c11c7aec506e4f1cc50050c7fe2f8738686038,ETH,Cash Out,0.83489808,0x51584ef8944fd5aab86c8e37c480b54c7a8da245,2026-03-06,0.00002196,ETH,0.05,3.1829,0.15,0.15
0xe9102b3ab0968fe9e9d965a57935d76d374a026279eb3dbd676685e3cc3400e2,ETH,Cash Out,1.33554008,0xe197dcf4a30b84d45e4abcc05e9bc382a622a764,2026-03-06,0.00002196,ETH,0.05,3.1829,0.15,0.15
0xe594286c945b0ca4b7c670ec95a2de38191996b4fd3a549bbf464919c629d8f8,ETH,Cash Out,0.83509490,0xe1cc1a1b9c1a83d12087815bd5eb6ff50efe9c4c,2026-03-06,0.00002205,ETH,0.05,3.1829,0.15,0.15
0xb46390bd2a34454817004ec9a3c52bc3c59ac9d5474f07151f727b1c8a1d608a,ETH,Cash Out,0.83338290,0x6a32693c51f0fba0f81e920aa67dd7108fbc03a2,2026-03-06,0.00002205,ETH,0.05,3.1829,0.15,0.15
0x37e7dd0efd9214e115520915bce250932940c1a7f50895f88a46756fb6478421,ETH,Cash Out,0.83362590,0x4eb691ff421e94bb96b0975543d6f906ef89d757,2026-03-06,0.00002205,ETH,0.05,3.1829,0.15,0.15
0xf33cd0cbcdd698f70cb3dfbf669c8fd14a905e8e831d15b949ba74704f166363,ETH,Cash Out,0.46744808,0x290fd5c16ab76ca7c765c47f20011a04706b9c4e,2026-03-06,0.00002246,ETH,0.05,3.1829,0.15,0.16
0x3cbfdd6d0baccfc7e02a661b96ca798d1cd819a97d180d4ba0f13e1408a2c292,ETH,Cash Out,0.13351408,0x610bd4bc0ae566cfb8e72289471045aad56ceba7,2026-03-06,0.00002246,ETH,0.05,3.1829,0.15,0.16
0x0bd9186bcb6d4f445b90d67fd8fab5d844be040f8338527d0cfa628f99cd4da6,ETH,Cash Out,0.83516108,0x248fd049472bfd7043bd2379e5652f8f54188569,2026-03-06,0.00002246,ETH,0.05,3.1829,0.15,0.16
0xce7e2ecf01a08eeeaf6a0632b15972bd1a7001e61743a7b0ce447c9919793675,ETH,Cash Out,0.10010508,0xd06fcb4dc94934fb6a1a4267f9a0fa7f61618d93,2026-03-06,0.00002246,ETH,0.05,3.1829,0.15,0.16
0xa9e36c47a620bc833f961208786873aed8c787951e6096c78b4d3ab6d13809e7,ETH,Cash Out,0.83798201,0x3498e1234334190ac12004bef2f6da2ccb16f9de,2026-03-06,0.00002285,ETH,0.05,3.1829,0.15,0.16
0xdd430efd2b0ee3c5756c63525368ac72dec832e98159409eec9752074076a420,ETH,Cash Out,0.83466702,0x03b69b5576fba644f41b2f9c6824f16de099033a,2026-03-06,0.00002299,ETH,0.05,3.1829,0.15,0.16
0x150e21a4ad35eaa7c79b3b1cde80a5df23ab74082de5e00bdea0937959a84174,ETH,Cash Out,0.83495302,0x7712525bd4b4f12053148b0d4014ad2e64ceb06e,2026-03-06,0.00002299,ETH,0.05,3.1829,0.15,0.16
0x8370a30d3a52a66ab62bd00ea6a2f5cc05b6f34d301af4d9151021cbec468b59,ETH,Cash Out,0.83495302,0x93aa6b5d8dc093e9ddc777a9fb4b8f5132758e07,2026-03-06,0.00002299,ETH,0.05,3.1829,0.15,0.16
0x5c2c8c8e4a73e3b9f1e660f3148370e12790c4eae5a786976a2961dc61d28674,ETH,Cash Out,0.83183902,0x8d609f0539a3385a5e842f1b4eb1f750ca851f10,2026-03-06,0.00002299,ETH,0.05,3.1829,0.15,0.16
0x260fc626bd47484cbad242d181e3d157ee3ac7a8ddf94a46aee9aaa9618f26a9,ETH,Cash Out,0.29892749,0x84c592558f14fa1510c37dd6c82b6f95ed03f844,2026-03-06,0.00002226,ETH,0.05,3.1829,0.15,0.16
0xf6990d185b6169a4b485d29aa57ac3e8e0e2a420db9352a8a75821b195f2ae0d,ETH,Cash Out,0.82876759,0x772d708efb64d9872e5e65481dc43262b8e8eea6,2026-03-06,0.00002170,ETH,0.05,3.1829,0.14,0.15
0x46ec16084c8a64c1ae3a761d1f0168c27d50b841d7c2c44b276eb79c8c8877ef,ETH,Cash Out,0.82864259,0x8868029c279e6504a4283661a0178049b174a8d5,2026-03-06,0.00002170,ETH,0.05,3.1829,0.14,0.15
0xa945a75e2ef9d4def57a2de6bfce080fe0a6cbdf44c8fb52979987613a4e48c6,ETH,Cash Out,0.79857036,0x9daf5b2ce451be28f3b7e4259be0c3836a9c32cd,2026-03-06,0.00002177,ETH,0.05,3.1829,0.14,0.15
0xbcf833025113a3e6b8d5be3172d4ffb2c6274eae7418f0d97e2e73198f88f497,ETH,Cash Out,0.83189136,0xb15ffc5309abe36bafb21cdd996b76764d6505f1,2026-03-06,0.00002177,ETH,0.05,3.1829,0.14,0.15
0x894c3666de3c13fc3f451eb12a279c1abb3c3fd00c2e55375347a6d41f072522,ETH,Cash Out,0.33150813,0x3941f477865899eeebe6a12feee2ac7c2af206bb,2026-03-05,0.00002794,ETH,0.06,3.1829,0.19,0.20
0x712e9229e65c754379823c995fc84040f4fa9f38a8a8b0f7ac988ab6db6f7873,ETH,Cash Out,0.26594495,0x67579b7899de45840d89968620b78c0f3331f7a1,2026-03-05,0.00003102,ETH,0.07,3.1829,0.21,0.22
0xa236bf1ef6feba1d468b9b5fea1eb1a6cdf5bd4341d90d931633efd4a7798bff,ETH,Cash Out,0.47955975,0x81b30f31826ddbdfc07eb31fff94bffc4a6e4f80,2026-03-05,0.00003128,ETH,0.07,3.1829,0.21,0.22
0x51652070adb0f6d3a5e634b3c31e8a558c5ad17387e973d16cc4378f76991157,ETH,Cash Out,0.19717975,0xb1c4a501e626e758bcd111bbf88eaa09edf920ca,2026-03-05,0.00003128,ETH,0.07,3.1829,0.21,0.22
0x449c75a435c2c3bab6e6794c9cb703a4897ed95c32364bd33972ac098af3dae9,ETH,Cash Out,0.49340091,0x2430d1568f229ef97c912cbee9cc473b56b938ea,2026-03-05,0.00002454,ETH,0.05,3.1829,0.17,0.18
0xe36745e6ac89fad4373568a73a2f618ed67dbcb412144bb50ca273852971800b,ETH,Cash Out,0.81884791,0x486f2f7f536f65ae96fd096798c721d6f3a767d0,2026-03-05,0.00002454,ETH,0.05,3.1829,0.17,0.18
0xd8639bdd1fa106842300d1b14d1274399d79bc5aed0397d07a3e755aebe4a7e4,ETH,Cash Out,0.70321838,0x91490c0e9b4b327e50c851a094cebaa2128e09c4,2026-03-05,0.00002456,ETH,0.05,3.1829,0.17,0.18
0x43a2fc63bb7f29c3587dd765418ad4d00d68e06ec00f5aafcf28dcbb9dc0ed04,ETH,Cash Out,0.81405391,0x8fa155d3bea37c64f452dd5572b5896f4de4f4f0,2026-03-05,0.00002454,ETH,0.05,3.1829,0.17,0.18
0xdda67ad3b3c6660a9308921849e5c0bbd2f102b024dae45b4575019480aa537a,ETH,Cash Out,0.81642535,0xdd55ab3839d56cabb264d6c45012f90e616e769f,2026-03-05,0.00002432,ETH,0.05,3.1829,0.16,0.17
0xf0adbd68d837f9be0437dd321cf4c85cd71a098c70709a401ab2dc6410a1f880,ETH,Cash Out,0.81513035,0x5e90c2a7fcd193aa29e9837d06e3a1c0b5b53419,2026-03-05,0.00002432,ETH,0.05,3.1829,0.16,0.17
0x98e422bd7ecc0655bcbc99cbaadc3e52f5da896bcbc0caad4bc4396bf234eed3,ETH,Cash Out,0.29270424,0x9ce2ce61e86682e7c6230a74d430ff3d80b2b15c,2026-03-05,0.00002475,ETH,0.05,3.1829,0.17,0.18
0x74fbd60f0d7aac4f31716125f3df7d6959473a8945c53f1cb30e63f5f505ada8,ETH,Cash Out,0.34331624,0x8c770664bdb81a96f76ec041336b7589ff5e1d04,2026-03-05,0.00002475,ETH,0.05,3.1829,0.17,0.18
0xc73f89685482fd3bf991a59d077db1bd0bcae8bb75ae22b8f93d0418bfd07cfd,ETH,Cash Out,0.22906164,0xff55d923cd828d6f634f4b675e74885a582f4309,2026-03-05,0.00002418,ETH,0.05,3.1829,0.16,0.17
0x2bdb9bc0760afa23a9f26a60d7c0dc3ba5a23a453d3190fe4dbbec6943ea7b31,ETH,Cash Out,0.81575164,0xef609277d5fbf8ef0c724d147ea9ea4e1e4f3771,2026-03-05,0.00002418,ETH,0.05,3.1829,0.16,0.17
0xa52b6f07f2e6ecb1961966d0b7ef661e25517a55eaab906a7787d2fbad3099b3,ETH,Cash Out,0.06506564,0x34f88fa8d6372c14c3dd8c2e32960fab750f81f5,2026-03-05,0.00002418,ETH,0.05,3.1829,0.16,0.17
0x6e60f72c4a236fccc5080fb3ec28fb9a20d7a013dbfb21b4bec6659f56fcbbf0,ETH,Cash Out,0.09706279,0x042b57e5698a565afa4f27bc2fcc4ec760f5cb51,2026-03-05,0.00002290,ETH,0.05,3.1829,0.15,0.16
0xaea18d134da31066026e81307e8cc9e4fce5dfb4b9646852b61223e4f201f40d,ETH,Cash Out,0.53398179,0x3315c8905cba38a6dfdda5504d2e1e5f89fc674a,2026-03-05,0.00002290,ETH,0.05,3.1829,0.15,0.16
0x317edb4376384fb571e063a5d180ea2f50ff8d49ce5665a72209d46d47725415,ETH,Cash Out,0.04843833,0xcc84a0dc0ee2969999ea86d5b58002eee4e45c5a,2026-03-05,0.00002234,ETH,0.05,3.1829,0.15,0.16
0x40e2983a7f185c76641c4f35bd0b37f85d59966ad7699b30bd975117eca56952,ETH,Cash Out,0.03230320,0x96a814148360d438df47e7f15616335424735eec,2026-03-05,0.00002234,ETH,0.05,3.1829,0.15,0.16
0x365e3070093ca7b5d900ba559caab2ef94a8f8805a21767d584eb9c4c2cd2d2a,ETH,Cash Out,0.27387836,0xe6c0c2d44a8a876955bdd6a3ba10be717011f612,2026-03-05,0.00002232,ETH,0.05,3.1829,0.15,0.16
0xd94d55d8e51f3179751ce37cc757be43de2182fa611afdf0519c3d63a45ca541,ETH,Cash Out,0.01612106,0xf4e232056167a00fe62e4b2d5e77ba08b6ec5feb,2026-03-05,0.00002297,ETH,0.05,3.1829,0.16,0.16
0x1546122113ac20a8ebee61266e6d75d5c6ae8723ecbb7b5b46fe2507e4f3a46a,ETH,Cash Out,0.80727406,0x96055388a39c27a9be0fb308fdee998bae78eb7a,2026-03-05,0.00002297,ETH,0.05,3.1829,0.16,0.16
0x493a3186a30f80a35f52b23f36b79fa7a48c5da3d389fe81aef5726ec2cde57e,ETH,Cash Out,0.80598506,0xdc09a2e13a7fcef0099a2f6cedc92c9e871c57e4,2026-03-05,0.00002297,ETH,0.05,3.1829,0.16,0.16
0x12d3fa061675c1304c71d9f163a641344a43f1ece14ec597f6b03939eb37e3d7,ETH,Cash Out,0.33741506,0x7b25f2d4f1e958f3622ec9053c09514ffe56bd1c,2026-03-05,0.00002297,ETH,0.05,3.1829,0.16,0.16
0xb8403c35a133608cff74a23b1bcc48738687fd3f1d772c541dd1bcbf84e06517,ETH,Cash Out,0.19320432,0x00bd36568c13a2542b62774721e087a34904ee5c,2026-03-05,0.00002321,ETH,0.05,3.1829,0.16,0.17
0xf554e6455c86f28e2f8f4004ac8b8f375daf1ccb146c9163d8b6becef63bfedc,ETH,Cash Out,0.80517532,0x021b761b2ec50bd0313fc78bedf684e85ea41b1e,2026-03-05,0.00002321,ETH,0.05,3.1829,0.16,0.17
0x2f926b2f4f59fa0a9a5e08d2dbd2369d6812283013c3e96cb58cfd64d4e9adb8,ETH,Cash Out,0.80446047,0xf664e7a98ba09e23eccc50b5b2c6262d016adfff,2026-03-05,0.00002526,ETH,0.05,3.1829,0.17,0.18
0xf369a0ab7733c65c435323120c0cb08b84337e692a094fdac50f35dd16253616,ETH,Cash Out,0.80893147,0x4da42bb8d25b8965c85e88739e68e3f2ae39aebe,2026-03-05,0.00002526,ETH,0.05,3.1829,0.17,0.18
0x63cd133e7f25ee88a7b9548d1ca9af16db9f5b80ba5d529984648a6905cca233,ETH,Cash Out,0.39155997,0x1b4ec7721fc9a01c5e5b8bf7bfbc0e0d20f06314,2026-03-05,0.00002351,ETH,0.05,3.1829,0.16,0.17
0x517475efaa6b9c037225686c228cf47b0a1a8377bdded6f51d7dacfe2510f098,ETH,Cash Out,0.70220597,0x85efa2f81eaf5d3c2e888f552669d2080e26c125,2026-03-05,0.00002351,ETH,0.05,3.1829,0.16,0.17
0x982147f86697164b1b0e1201e894bb2dc7d2c462138e50d232b9f0204724738a,ETH,Cash Out,0.01644958,0xabfcafc63864d8f61568b7e04710ccf2995b239a,2026-03-05,0.00002221,ETH,0.05,3.1829,0.15,0.16
0xab1fa58f59249925cea61d5601c8da06dca9c7fffcac94fc51a514bf215d1ab3,ETH,Cash Out,0.32268426,0x6f5ec9ae970363fba5f4bd955a65efe7cc01d281,2026-03-04,0.00002373,ETH,0.05,3.1829,0.15,0.16
0xa72d42d9f3fd3bac6e7d9021351d9a9f96a2e1ab2cb7b19bd6f30b0613809615,ETH,Cash Out,0.16084576,0x174a1d125be5b4a8059f2dd1f3cf892726fe2996,2026-03-04,0.00002462,ETH,0.05,3.1829,0.16,0.16
0x49244ab548ae1b97839d197575ac7faba5609d0a7d7030d4b7583b1d19d20e5d,ETH,Cash Out,0.80750076,0xaabfdd07f2b9b9fa9be81de55224c3069951bdd1,2026-03-04,0.00002462,ETH,0.05,3.1829,0.16,0.16
0x2bbbd816efd029237fb309b5f1a93b3b565e594362feed834adf894f364dba2e,ETH,Cash Out,0.59838845,0x7a4fc06ca5044f092e79c8098bd441c01508b085,2026-03-04,0.00002686,ETH,0.05,3.1829,0.17,0.18
0xadbfabd4f3696aa3b5efe913e45a3bacc7c7e4384866d02adfc825a699d0b992,ETH,Cash Out,0.81249286,0x467d8a3c796b16883e518c9619316e8305d0dbdb,2026-03-04,0.00002704,ETH,0.05,3.1829,0.17,0.18
0xb9b5aea4048cdea42b1c825912ce6694e698c282b76cbc5af3071abe36a029c7,ETH,Cash Out,0.80894986,0x65c34f6fe66193cbf7b0d86d2d1c084837b75f9f,2026-03-04,0.00002704,ETH,0.05,3.1829,0.17,0.18
0x9d5067b76037026d62184d98f6e6d106910be776c31185f8b931a1544800d0fa,ETH,Cash Out,0.14506842,0x2337539df5e71394979d9870f58cbb832a87e11d,2026-03-04,0.00003379,ETH,0.07,3.1829,0.21,0.23
0x081a22969c989671a392c17617e9bc6e5a7878d9d5f730f6bc486e4f235c698d,ETH,Cash Out,0.04817586,0xeb0563dac2ea0f55651e8ed34765e563120fab27,2026-03-04,0.00004857,ETH,0.10,3.1829,0.31,0.32
0x6260b328d48c0cc85559ba4163897599e328f0d630debefa0fb8aa813fe2281a,ETH,Cash Out,0.13300912,0xa7bccb346b3a5eab4a913f4aa9ad4bd4cbdab847,2026-03-04,0.00002844,ETH,0.06,3.1829,0.18,0.19
0xb4c8c503075e50680b679d4e324ef52c94e0b739b6a866bd98d17cd3ff4e9d1f,ETH,Cash Out,0.41572912,0xd2fc665b35feebac292e6b23db9ff376dc135a54,2026-03-04,0.00002844,ETH,0.06,3.1829,0.18,0.19
0x3afd39693d1b53bd66d68ebe8ee61fd9f085efbbf893ee4fbb0d6f6b51035fa0,ETH,Cash Out,0.83234112,0xc5b9d89ad1d70afec13f4f7e4329a3ce336d7655,2026-03-04,0.00002844,ETH,0.06,3.1829,0.18,0.19
0x31ab17030ac59df6f96d4e4d8e3704e3f3a36b152bd2a223da4d031524b747dd,ETH,Cash Out,0.46546469,0x82bed863f8c681df04f13e14694945fcb6021feb,2026-03-04,0.00003113,ETH,0.06,3.1829,0.20,0.21
0x1af53986d2e3f814501822faa90b4efc3009547b302383e9a622db8ce3bfcd3a,ETH,Cash Out,0.51515069,0xf7fb1042de692981a5c1ed24d4793e08ee869545,2026-03-04,0.00003113,ETH,0.06,3.1829,0.20,0.21
0xb42116c6ec69db7caddfbe1e5172f1b4fc8a6786589826782833d282d7113152,ETH,Cash Out,0.13422787,0x77f9f6dd8701b67fa568614397703fdacdf9b07e,2026-03-04,0.00002506,ETH,0.05,3.1829,0.16,0.17
0x55a1ba8a07a2f4a6f962e84390e83a5bb08076c61301b43d8f1e098eb1f838e9,ETH,Cash Out,0.16803109,0xc7c8444919dea146dcbfe1767367a423690d60e0,2026-03-04,0.00002795,ETH,0.06,3.1829,0.18,0.19
0xf3181e1675ca822d1529406c60a5d403577a594c11ea3b06d440a34608266d46,ETH,Cash Out,0.84011209,0x3293a668ba36b9a633a73ca41a34dda07442dca4,2026-03-04,0.00002795,ETH,0.06,3.1829,0.18,0.19
0x396ace2b79b5348f2b5df5ea695a760bd442f11af1928fe449d12cc2a8fb6127,ETH,Cash Out,1.39605805,0x873b3e16867bcb58c73833f40f2f49b7df61466f,2026-03-04,0.00002680,ETH,0.05,3.1829,0.17,0.18
0x943a1ffd7447d45d9d98555981136e67f65c7aa11f2042fa348fe76ac7081b18,ETH,Cash Out,0.77566478,0x264d081e18979b5f83f6fe74e27d551d6be310bc,2026-03-04,0.00002711,ETH,0.05,3.1829,0.17,0.18
0x4387ad910d86708833b8b7b6ab10565f63126e041f3b1f6d12a87af38a86ca63,ETH,Cash Out,0.10123429,0xac5d0519035ea895a6bf0e05d7f16e5c7816ba34,2026-03-04,0.00002436,ETH,0.05,3.1829,0.15,0.16
0x71a4938636034d8697f70da26f908fa766c4b5de55539f3f22cd8f3732bd3eb7,ETH,Cash Out,0.06734829,0xedbaa22c8f5b26c27c33931e3c26dd685a460e98,2026-03-04,0.00002419,ETH,0.05,3.1829,0.15,0.16
0x7cb0a722dafd058fc72f9838ac6a621bbfede3f42bcbde63e2ce59f74e876007,ETH,Cash Out,0.06749929,0x4a3a1b5dae97e2a3e081bfcb6706f40a123c57d0,2026-03-04,0.00002419,ETH,0.05,3.1829,0.15,0.16
0xac4c499b82baba445bcd2c0e080165baa1b36c4df4aae20a9930a8306694c6e8,ETH,Cash Out,0.41840522,0xbab6bd7ec1ff55eaa93e7bbcee211036636ba289,2026-03-04,0.00002289,ETH,0.05,3.1829,0.14,0.15
0x06d4738d2571a4090b4e32c14b21703b3f24fe3b80a42cc2dff8fc57863707be,ETH,Cash Out,0.28023271,0xd98213ffb792f3fdd4796c1dba7b2780604a13d0,2026-03-04,0.00002290,ETH,0.05,3.1829,0.14,0.15
0xe8b83879147935bc2cf3562322a3a8ebf42b7ed4bf0e4f2a39cf9d23685798d5,ETH,Cash Out,0.01645871,0x3d6658fe4c2721c7ab70d66d1707cc70e82efb92,2026-03-04,0.00002290,ETH,0.05,3.1829,0.14,0.15
0x32034d151ba0672b9e990138d1eebd4f24811da493553fe5caf1072ad5f04b51,ETH,Cash Out,0.66150471,0x1223072bb4294f5b99d14203ee41be8239153a8e,2026-03-04,0.00002395,ETH,0.05,3.1829,0.15,0.16
0x14eb888fcd855c64f2e5299c045bef357599cf6b79356a32bb08f620a41df0d3,ETH,Cash Out,0.13260349,0x20e3628751ddb13771c06965008e75ad743a7efe,2026-03-04,0.00002490,ETH,0.05,3.1829,0.16,0.17
0xe9710d83a4b911ad135fcb9ddcf6b1e9e77720deadd12b80522f078f2db4e458,ETH,Cash Out,0.01656011,0xb9c92ef32e0fe7c78cc02233a5a79ee5edaca2ae,2026-03-04,0.00002845,ETH,0.06,3.1829,0.18,0.19
0x040c745c8800a473b9f1be04ad4a076c21b493cfe1d47c84336e2a9336dd0b76,ETH,Cash Out,0.83091311,0x12241bd7d8a632c89936f483926b5ad391780c76,2026-03-04,0.00002845,ETH,0.06,3.1829,0.18,0.19
0x29ee294980fb195ce00eb151c5de00c819326c8b3d4ca876050dc2679379d4ab,ETH,Cash Out,0.51432970,0xd079482d05263eb1ed094d667057cdb6cc8dcf71,2026-03-04,0.00002315,ETH,0.05,3.1829,0.15,0.15
0x289ea676d9645daf5a125955bc061e67b1551a6b686a3680c9a41b99718d0a10,ETH,Cash Out,0.15466673,0x4afed4c6688d0c98b7d3040a8b688a734ceab062,2026-03-03,0.00002410,ETH,0.05,3.1829,0.16,0.17
0x49a4e86cbfe05462fe1f85c6f912fea6985825070186b06299871161b2e78a3e,ETH,Cash Out,0.53461373,0xe9829273458200ebea37d1f56f5707500baf3b54,2026-03-03,0.00002410,ETH,0.05,3.1829,0.16,0.17
0x52290493e3f9e504f217fe280651ab29ec86851c6a4c7d72c7e7d8d1afb83a72,ETH,Cash Out,0.86156583,0xbac367b7206ae9c9953e58a994ccfa4c6382eb23,2026-03-03,0.00002509,ETH,0.05,3.1829,0.16,0.17
0xd5a7055c8f195c7d34484a42d0f7ccef080ee74057dcd9fe1edad68556ff64e1,ETH,Cash Out,0.43103283,0x5d1e6001677b011f806f79f3a4bc6b59442436ac,2026-03-03,0.00002509,ETH,0.05,3.1829,0.16,0.17
0x86d362dd6545449e0be15bda9af9526d151f5de41d10bdb526d14ebc826b66e7,ETH,Cash Out,0.12075640,0x93cfc3eeb5a0fa220d60927dca17fafd20dd1222,2026-03-03,0.00002430,ETH,0.05,3.1829,0.16,0.17
0x3465323ad5acca9537bde24310063ec61d874764f4b3a77e22fd186ca105d562,ETH,Cash Out,0.13795277,0x3e1da150106e5fc25103616e9444c196169c48e5,2026-03-03,0.00002852,ETH,0.06,3.1829,0.18,0.20
0xa421278f047d807feccdd0cc52c7cebef061ca309bb0efd5a1c412c5c43f9124,ETH,Cash Out,0.67264677,0x86dad354c262e19661aedcb8042d670caefeb264,2026-03-03,0.00002861,ETH,0.06,3.1829,0.18,0.20
0xd03f93632deac08c3d67a89a7d2a4f3b60747c627e2a0721a7648f8ed8eeaee4,ETH,Cash Out,0.86126177,0x6f3966ca2ca5b31601c85e0932fd63a3a76b6f0e,2026-03-03,0.00002852,ETH,0.06,3.1829,0.18,0.20
0x45607bfe57597e78efb41380dd11e23a0a424d05eecd034c4d76ce24afddddf6,ETH,Cash Out,0.86049764,0xceb12cac2a74b224a6bfc259e7843795395c340e,2026-03-03,0.00003257,ETH,0.07,3.1829,0.21,0.22
0x839d674b72871bc1f2b124c045a569be1c574109661346cd3c69e4e5655dc064,ETH,Cash Out,0.56454269,0x44cc15c16bd21001a5f9efb0ab7c15d7c46153c0,2026-03-03,0.00003468,ETH,0.07,3.1829,0.22,0.24
0x4510ac9718935ba136e72c5ebed3e44bddc35bf9d1349cf5325175a2a7d4c31e,ETH,Cash Out,0.88319969,0x359d1c627577445ac1747519f3897cd51a0ef12b,2026-03-03,0.00003468,ETH,0.07,3.1829,0.22,0.24
0xdd971c793e97895dd606449bfce6c029e904411ae580005d005a30983f09bf7d,ETH,Cash Out,0.88029769,0xa4e52b0b7fe27f26bfc13c9148b1971b3055c976,2026-03-03,0.00003468,ETH,0.07,3.1829,0.22,0.24
0x669a7fd512033451fca59127cf42642e26456891d1708e7cbf0706458fcae607,ETH,Cash Out,0.87332570,0x8fc89959f97e3d1871ca5d61b8f90d4aa5aa8de2,2026-03-03,0.00003115,ETH,0.06,3.1829,0.20,0.21
0xf69bd1faac667a4cf4a702f012669af009183462b529329c36a4724a2fb07a1e,ETH,Cash Out,0.87266670,0x35978991e1514a1c803b1fd0f085d25dac51bf73,2026-03-03,0.00003115,ETH,0.06,3.1829,0.20,0.21
0x689b1ef9a0c07e36bf400a0261de87763c08b795bf165aca4bb9bc7e3ab13f52,ETH,Cash Out,0.49264106,0x32a70802018f6e771cb830a9f2ebf9d3c9d19a10,2026-03-03,0.00002347,ETH,0.05,3.1829,0.15,0.16
0x15da87aa647504c918f40bf224bcff26ab50fa6aefb4702184bbea2882eaba11,ETH,Cash Out,0.47525706,0x935c5ebc619150b2f076c8368cc8fac1b67d668a,2026-03-03,0.00002347,ETH,0.05,3.1829,0.15,0.16
0x046fb908a09b87f66391b063ccb9dae23fee29bc36593954b0fc149d701ca980,ETH,Cash Out,0.75540973,0x82aea0473c780c2422bccacd44416a2cbd842cfd,2026-03-03,0.00002363,ETH,0.05,3.1829,0.15,0.16
0xdd4e2bef4bbbd4f665ed30e46ff1d62ef3c7aa778bf02c413073575f43292dd6,ETH,Cash Out,0.03503673,0x1aeef8d57482a5e8f4fdf100211f0545a8b03643,2026-03-03,0.00002363,ETH,0.05,3.1829,0.15,0.16
0x0470d13925f22bf4bc43b0c542911789ec2d23252db808ced37fdf872b3fab0f,ETH,Cash Out,0.87659173,0x588be8c13249d5f0785ec32afadc4af7ccf854ce,2026-03-03,0.00002363,ETH,0.05,3.1829,0.15,0.16
0x662ca5d47926f37da4092106c7fc31a0632d9821e9ce34d0e0b81ef082fd1b9b,ETH,Cash Out,0.87762835,0xc77191a3d1d9f7c358450afa5bbcc24057c4b5e3,2026-03-03,0.00002294,ETH,0.05,3.1829,0.15,0.16
0x9daa122840ca6b0cbd9f831a7f97913c7aebcd57911d384d749b86c91595915b,ETH,Cash Out,0.79456113,0xeea18f581fdbf95bbcf1965f8ecb374af8185986,2026-03-03,0.00002444,ETH,0.05,3.1829,0.16,0.17
0xd3037cc15ec3abf2956c6ab3e20f7655030793b59d85fbc71afa67eb653da523,ETH,Cash Out,0.84621813,0x0494cd86f112bfceddb5d6f1665435b9976936ae,2026-03-03,0.00002444,ETH,0.05,3.1829,0.16,0.17
0x7f069fa8d6b3030352b9ff548eb1f274f09ba9e7833bd4fbc67c9bdf073f84ce,ETH,Cash Out,0.48921113,0xdadc8408438101f5b8f1f396df001d09162fd2f5,2026-03-03,0.00002444,ETH,0.05,3.1829,0.16,0.17
0xd69c5ed07093c5fd57d264cec70955bd43e57c6b9b58c3ae5db8610deaac1593,ETH,Cash Out,0.29392466,0xe120dd661eeebca6840240b0b5e9e5c57e281724,2026-03-03,0.00002367,ETH,0.05,3.1829,0.15,0.16
0x5c3fea7d33b59c5bf604491633369c53fb5df857ecfca343c4d06f84260d062a,ETH,Cash Out,0.17509702,0xb8aba4024ccfe904dc1277fa1d708646bd389732,2026-03-03,0.00002349,ETH,0.05,3.1829,0.15,0.16
0x4e11c0eec22ac3a19c60635ed39f835ffd305579a48359d5a779c9cf6d43eada,ETH,Cash Out,0.87557202,0x91bc28bac0398a6263db66aade2ff35804bbdeae,2026-03-03,0.00002349,ETH,0.05,3.1829,0.15,0.16
0xf974978732fe8cd7dd781256fa77bd842c3652afadfaf7342f1342f8a848d022,ETH,Cash Out,0.16968455,0xf68bc88d1cd3bf1872d689e96a6d473b0a0e15d3,2026-03-03,0.00002322,ETH,0.05,3.1829,0.15,0.16
0xa65281380648a67ceab8ddad403d96234c8864890f4f6a158e6e3828ca4b364e,ETH,Cash Out,0.03497855,0x2000acf9f005316c2b7536ad90da8035b09976d6,2026-03-03,0.00002322,ETH,0.05,3.1829,0.15,0.16
0xa2da0cf0d674e226d4b820a53bc1864a98d720a140d88bdf1bcfa98c3eea2551,ETH,Cash Out,0.24516229,0x6ed46ac93642bb6890724492f09ee8a264f1d08d,2026-03-03,0.00002441,ETH,0.05,3.1829,0.16,0.17
0xd2d4d33c4117c9f191f2ceb5f8e0e4fc9ccd5857b6b457d760b4c7a1b799c8d1,ETH,Cash Out,0.24190628,0x0925614c982e662221d8e73b207fef2aecefdc7f,2026-03-03,0.00002586,ETH,0.05,3.1829,0.17,0.18
0xdee2672644ff0d078331306024ca7a5ca5bea1922eb25aec60ccd69b85c015e9,ETH,Cash Out,0.85961425,0x1b6f82179c08c2dd5a3045ee9e5df3803ae230f0,2026-03-03,0.00002187,ETH,0.04,3.1829,0.14,0.15
0xbe0a31f3b71bcd12cf38e6316a98e51428b091c62ff91741bf61c326eceb48ce,ETH,Cash Out,0.85943825,0xa779a893f05f388d3cf832546ba3c60652cab608,2026-03-03,0.00002184,ETH,0.04,3.1829,0.14,0.15
0x18d7fe8e7c87830d4a7574400cebb7c240c6a88e6459a59f1e24201912d10319,ETH,Cash Out,0.85969425,0xc09eb888a32c1ac3df5bf08d223167f3281b1527,2026-03-03,0.00002187,ETH,0.04,3.1829,0.14,0.15
0xb003b4741590884c16f39ca98119fc15fed7c88f5647a641a5389f42102c2c08,ETH,Cash Out,0.86168894,0xf0181c2928dcc376cee30161bc10fa2592aeeece,2026-03-03,0.00002203,ETH,0.04,3.1829,0.14,0.15
0x25b2aa3bf7d6c4028d8f632cf80347be2a71bf9ac2adc8f15292af9ef9a4deba,ETH,Cash Out,0.48235194,0x85a0b30a51b877ce410a6c92541ab7f183201f59,2026-03-03,0.00002203,ETH,0.04,3.1829,0.14,0.15
0xddf037118ee6a23e8e298b5d39cf7ae51a380ebce82415178b314d816d9c8eea,ETH,Cash Out,0.13552468,0xab85e6b696cc654042efce79db6147ca04713157,2026-03-02,0.00002468,ETH,0.05,3.1829,0.15,0.16
0x4f7e76b32587d02f80ef5089e35fa7579622885991e1de41795fc4d77a49d1ee,ETH,Cash Out,0.84530168,0xe3700177826bfbbd74857619a9c2cc8b42efa1e0,2026-03-02,0.00002468,ETH,0.05,3.1829,0.15,0.16
0xc878ba5aee3b1de61c26db4f09c92f5b3991f06d1778f9f3ffee32726dca99ed,ETH,Cash Out,0.28753090,0xb33c917ae05dde4ab5a32c8c41b8d2b26a69a536,2026-03-02,0.00002705,ETH,0.05,3.1829,0.17,0.18
0xc62efd35216783f1f60bede450ada9ad4b99bfbc2f6a474e4c85f2d7abe4c63b,ETH,Cash Out,0.84459890,0xfd4a5a85a024e5d516cc456ae7820ede7f5a4b6d,2026-03-02,0.00002705,ETH,0.05,3.1829,0.17,0.18
0xd0b54077b0dc8171cb1873aadcc7f162bb9f7577761798edb237ed4b318ce6b7,ETH,Cash Out,0.84687190,0x200e656b9a9e13f60722e7d9e480ed1e09c699bc,2026-03-02,0.00002705,ETH,0.05,3.1829,0.17,0.18
0x94b080351947da68a934ae97500eac4826756dbdb7948add9a0e4d67f76742cc,ETH,Cash Out,0.84587490,0x47252ac031887b767f893dabffd056f9e92c0883,2026-03-02,0.00002705,ETH,0.05,3.1829,0.17,0.18
0x29862e353064b691b32bbbf6fba23948ec57c2b892e5468557f4880569134a57,ETH,Cash Out,0.33883714,0xd8e974c552c22b9da06428ab182a07316ca0a414,2026-03-02,0.00003011,ETH,0.06,3.1829,0.19,0.20
0x6b6856006c39730d346420214066fa0551178f28a81a993d2b05331dcca40e41,ETH,Cash Out,0.83839304,0x489c6e724b89645818875fe1197d4a8b9bbddd12,2026-03-02,0.00002798,ETH,0.05,3.1829,0.17,0.18
0xf8d2ddd0e437a44f283f20f5a0895101564dc2af14568d949fb66550587a9a09,ETH,Cash Out,0.83785308,0x54a6841fce5ecdb17fd553679f1a8bfbde6e11db,2026-03-02,0.00002845,ETH,0.06,3.1829,0.18,0.19
0xa4bda8ced313a6a8fa8cc650e1afad33591cccb3981bb2f0c19ddd7c7ea4997f,ETH,Cash Out,0.33218256,0x6878ecea5a7a90c162f749c49cde4724eeed299d,2026-03-02,0.00003772,ETH,0.07,3.1829,0.23,0.25
0xa30c98aa23e147ecb5928f11bbfa0f64e16b95b04e1189470a9b9237d7d50ccf,ETH,Cash Out,0.43366956,0x2a86c8ce76925282407991b8ae23cc802c05a935,2026-03-02,0.00003772,ETH,0.07,3.1829,0.23,0.25
0x7348b9f464031dd175f83c95ce78b410307f44610a746858492c97a25beaca44,ETH,Cash Out,0.83294427,0x7ae2ef3b7a9a59494f716a401dcfd4871c5d574c,2026-03-02,0.00003263,ETH,0.06,3.1829,0.20,0.21
0x97ae98f5b41294a1f98a0199a2ea06f71606b958c98ee3e674fb9b81885c9710,ETH,Cash Out,0.83231727,0xed92c1704ce261ead403271e091ff4ac06d1b6b3,2026-03-02,0.00003263,ETH,0.06,3.1829,0.20,0.21
0x6eca625b0af7f18ab516adb7fcc9c571fe65446fe74600b40f2a22851128b9da,ETH,Cash Out,0.77977916,0xe3c7a98d898db6b7db2846f4284a87cc47083f53,2026-03-02,0.00004240,ETH,0.08,3.1829,0.26,0.28
0xb920459d0f5357dc3dbbe6a1f75cc81720537e69312901e0cc54faf4a4bf1693,ETH,Cash Out,0.23723316,0x2d8e19ecdbaf19664fa3a72a878eac59a51119cc,2026-03-02,0.00004240,ETH,0.08,3.1829,0.26,0.28
0x14dd34a45ea8809cc38f2ac25681829f74a72273215cb20f215202c45f14a679,ETH,Cash Out,0.45466560,0x57dc83432a6700b8980a13b945c17a867c5ed92d,2026-03-02,0.00003013,ETH,0.06,3.1829,0.19,0.20
0xc9b90178a46c0a838fd053e88e1990c1e4f64418af4f86bcbac41fea2b7d0003,ETH,Cash Out,0.87390060,0xb6ab10b81ce9641a7c0ea2bbf2c9c1f878f6e753,2026-03-02,0.00003013,ETH,0.06,3.1829,0.19,0.20
0xaf4413f3022dc2ea7669a3ea169f8ce118150fef6c81faed9a8d02a1caf55392,ETH,Cash Out,0.40156460,0x03fd2cb8287dcf8982726ccae0cd9d39bbbb388e,2026-03-02,0.00003013,ETH,0.06,3.1829,0.19,0.20
0x19161ec513d1f14f8b943001b38656e342ed0ec35fa4223df13c476634e4558c,ETH,Cash Out,0.89224229,0x08d6e00d2099a6f40d4572124afd4a6b559c8b1e,2026-03-02,0.00002323,ETH,0.05,3.1829,0.14,0.15
0x85545dc349f4330af9ee40af5c864ddb7bc6226a169b8be4eff83c3bbd8377a8,ETH,Cash Out,0.89344429,0xd0238fa4114208cb93e2e237adc804836253a5f3,2026-03-02,0.00002323,ETH,0.05,3.1829,0.14,0.15
0x573e3fb33fb6f403aa96c88942153ca5d3c56c4da3615fdb5e6aba3bb48681c5,ETH,Cash Out,0.89436129,0x898b99017096654f4af43a68ff0ace6f3f21e605,2026-03-02,0.00002323,ETH,0.05,3.1829,0.14,0.15
0x7d749c4a319ff9efd60eb2d00af8cbed738e752dfeb181e1001b502bab2852f5,ETH,Cash Out,0.89350179,0x8f2ccc961f5f9a22d416f14ac2616f7ad8492fe2,2026-03-02,0.00002460,ETH,0.05,3.1829,0.15,0.16
0x972277b0f7c26de7e706c6f217ebe9118e5813f1495251d3ddd1822abac591ba,ETH,Cash Out,0.89339879,0xd47dee6cb16162606a7d5d1f997ac0b863a6511a,2026-03-02,0.00002460,ETH,0.05,3.1829,0.15,0.16
0x6e23479a4d3e76ecb1e9955c6d0f73820e6a50f4cf40b0c92a5053bc56fb3cee,ETH,Cash Out,0.85552217,0x65116a2544988b17187ac5e03066ea71b139ba9a,2026-03-02,0.00002490,ETH,0.05,3.1829,0.15,0.16
0x97caa184c670d16250764ce1e000692681ce35379a016bf470e1bfb8bc19c318,ETH,Cash Out,0.89088417,0x0b7f64452b27505dded2333c6adbfb2c2a604851,2026-03-02,0.00002490,ETH,0.05,3.1829,0.15,0.16
0x89ac168bfe32d23ffb973a06620059220a210bc87792ed28837299c5ad83b8d4,ETH,Cash Out,0.56914610,0xf08e9f502af1f906d37076a1dabd2e86c452e982,2026-03-02,0.00002333,ETH,0.05,3.1829,0.14,0.15
0xfd36567e778127be882182e8eff01c4c98f59aedff9eca123fbd50d6ec7aa1da,ETH,Cash Out,0.12453373,0x2624890a09615ab0bc475a9ad8c303f8a8e0b670,2026-03-02,0.00002363,ETH,0.05,3.1829,0.15,0.15
0x1c8d549f5665fd4154a7ff2f136255e1300c1e58c17f11a245dafa3b27b8c375,ETH,Cash Out,0.12433973,0x3ea393627764ea870f34b763c019d0f2e079234f,2026-03-02,0.00002363,ETH,0.05,3.1829,0.15,0.15
0x2a4329df3dd23c6fb2c1bc9bfbd09839c0d1dfd8639420f60b58c0c242edb790,ETH,Cash Out,0.89269403,0xfac7a62794ecfc878d8b5d40e0aabb86c10fd8ba,2026-03-02,0.00002192,ETH,0.04,3.1829,0.14,0.14
0x40b6906d80c0ad3bdb9fb5cf80cb36502225d9bae3dd9cd7c1140a464022cee6,ETH,Cash Out,0.89071203,0x0659ea07bb621348f92b98b64e7be2f0ff591c13,2026-03-02,0.00002192,ETH,0.04,3.1829,0.14,0.14
0xe7cb1c9ec24538a5b0b8b7c4361f38067fb0b6f501882f574b9e0cae5b237779,ETH,Cash Out,0.87608503,0x5f6964e067b42e48165110429d6d5d259f54d641,2026-03-02,0.00002192,ETH,0.04,3.1829,0.14,0.14
0x4fadf85d5de5400e35cbfe5a572a6bedd2ecdcfb2d1deeb07dbc1970743b7e5b,ETH,Cash Out,0.87578903,0xe272fa7b4cdd147be34cc3c357bcb6779ba1abaf,2026-03-02,0.00002192,ETH,0.04,3.1829,0.14,0.14
0xb6261ceb8dcfb0e5ff5bc69f067f71199ddabf25449b33ac9105be01400952af,ETH,Cash Out,0.87325844,0x25f5d7b9844bc6827a08cdbe231f6a0e226820f1,2026-03-02,0.00002222,ETH,0.04,3.1829,0.14,0.15
0xdcda5e149feb9948e3df499b2970db4bbf07e9be923958765781cfd85d29afdd,ETH,Cash Out,0.87361657,0x82e2c6e4fcdea5b048239579f9017db41db95f52,2026-03-02,0.00002222,ETH,0.04,3.1829,0.14,0.15
0x1b94dcf99f292de41c80d46bef1de9faaadf42891f0dadc3f1aefd518795ae1f,ETH,Cash Out,0.27905492,0x76d3a1ed24a598b47b1f17fc9519246c7aa68471,2026-03-02,0.00002204,ETH,0.04,3.1829,0.14,0.14
0x15b1b46be92ffe60bf5d9cce1862a07ce0ea83abc381bf12505fd64677e876b7,ETH,Cash Out,0.05230259,0x887ddc2beb2b63f1df54dd4064a750d676734f88,2026-03-02,0.00002220,ETH,0.04,3.1829,0.14,0.15
0x7c1d60c045e57d474311177d381e0ccbe6b6b64b759fa72bb11baac1e55fbcfa,ETH,Cash Out,0.40088959,0x038b34deee4a52dbe7e44e18554570557b0d523c,2026-03-02,0.00002220,ETH,0.04,3.1829,0.14,0.15
0xd7e3e9c7af30a400f6c3dcbb303659a2b3348f1944245689f4113c16d55d230e,ETH,Cash Out,0.73221568,0x7b09b7b8e897f00756bf3812044939ff5922011c,2026-03-02,0.00002216,ETH,0.04,3.1829,0.14,0.14
0xa2e09f7d1bdc4ecfd72085ae4b8673c2163cc07eb462d8cf4ee5e61f94cbb3bf,ETH,Cash Out,0.13955658,0xcd67f84ecf5b6430d18f6f8e6adfb83859d125d0,2026-03-02,0.00002221,ETH,0.04,3.1829,0.14,0.15
0xc74c28ef753bc92b7945ac82520b85129fd10a0782c3ee4e1de1a565f7c1e1ff,ETH,Cash Out,0.74888366,0x5779973f813f72027a195b50b3b2a349fc2816e5,2026-03-02,0.00002217,ETH,0.04,3.1829,0.14,0.14
0xcc9c6171ff613d5c1ee56afa85e6bd1685a9b8d9f16b369ec5b219be15ae13d5,ETH,Cash Out,0.87023966,0x71a1cec4254ec2bf310af833d206a90ec61a4306,2026-03-02,0.00002217,ETH,0.04,3.1829,0.14,0.14
0x4303290ac1413b9e840d9176806fb908999b83891d0b39e7db4b1ffe26e236a4,ETH,Cash Out,0.81990577,0x1cee701bfdd57679e41c541c36e52358de96eca3,2026-03-02,0.00002262,ETH,0.04,3.1829,0.14,0.15
0x60136efaa7ac4a89353750f2a98fc0ba223731d82ba2a12180e53b666482aad1,ETH,Cash Out,0.33194821,0x73e3c4a903a569ded30fc38789f3d6d164c27578,2026-03-02,0.00002185,ETH,0.04,3.1829,0.13,0.14
0xd357e283c28f2ef7950cbfccc4f218abfec43229fda21454f44c6e46df49f10a,ETH,Cash Out,0.87980547,0x5bf9794517f5c70d9f698c63cbcfa489846e4d9c,2026-03-02,0.00002226,ETH,0.04,3.1829,0.14,0.15
0x7b1de9faf7429ad523d6f0d1488b5f891c389632586701696663344c276502b6,ETH,Cash Out,0.88038847,0x3c61462327e4b42fabcdf64814dd01ec5286b661,2026-03-02,0.00002226,ETH,0.04,3.1829,0.14,0.15
0xfa68039579e3ccf562a6b208b4904480d7bf6fa5d42a3345668182272c075535,ETH,Cash Out,0.27308067,0x2355d3c7ab1d6509d5eff8a3a1d4f0fa6b1d4918,2026-03-01,0.00002317,ETH,0.05,3.1829,0.14,0.15
0xbe645cf2359d024fd446d5e9f41ee824982d071444a895eca4347295ce2ae886,ETH,Cash Out,0.13659567,0x6f57e7755d97dc8391c5faf86e5afbd528b7c850,2026-03-01,0.00002317,ETH,0.05,3.1829,0.14,0.15
0xfe7a928862d8d14c2f7386ac027cd418da509740134b56f8efec5cf7a1de5322,ETH,Cash Out,0.11919467,0x4a08001c9e030418aba9f344a35517b928d57469,2026-03-01,0.00002317,ETH,0.05,3.1829,0.14,0.15
0x94fa28a8a7ad4ca5ee484a37e8cc7e5d471e2e4d3e4badccd9431ee4e6d37e31,ETH,Cash Out,0.42979711,0xa8cda89676d21f2bfc66c314326310f3c1e1c27d,2026-03-01,0.00002285,ETH,0.04,3.1829,0.14,0.15
0x6ec089b501d22e8b44470d3b3565563196d7ae14ca3664eaf98601e2732c768a,ETH,Cash Out,0.86231211,0xf40c5f1c9d3adc72488c749a107c5e34ba59ac0e,2026-03-01,0.00002285,ETH,0.04,3.1829,0.14,0.15
0xf09bda8c1e6d0df33adc3bff9c4921c395f693b7d6b861da555fc4c036369e6e,ETH,Cash Out,0.86058678,0x04f5e9cbfadc9292eaad71a1e67bd27d9bf394e9,2026-03-01,0.00002311,ETH,0.05,3.1829,0.14,0.15
0xe64af4b9b5695dca626031c55783a6ced0f5a4f14bd42b8ccc7c8cb828398794,ETH,Cash Out,0.86134378,0xe942ce7145d315ebb857143cf3cd46c928a994ed,2026-03-01,0.00002304,ETH,0.05,3.1829,0.14,0.15
0xe5a36fb6e12f8c96329494ca9317da76eb849fdabbe400d11170a28ce988ad08,ETH,Cash Out,0.85915479,0xbc1cea2ad1fa3c62c56eab32bd4b4a0b98d638fd,2026-03-01,0.00002310,ETH,0.05,3.1829,0.14,0.15
0x47afcaa09cff1c4cde916e5727c7c8622c36e79ee665c87e166b3903d30a1443,ETH,Cash Out,0.85963779,0x1ca00b352142a91cfa6ede975cabbc829ed7e56c,2026-03-01,0.00002310,ETH,0.05,3.1829,0.14,0.15
0x3efafcbf55fcd3217f7f5c85cc7773831b2e6c04702d90ef334ab5e766f47c9b,ETH,Cash Out,0.16965273,0x047a2296d29f61953db14658a6b86130d23281a2,2026-03-01,0.00002214,ETH,0.04,3.1829,0.14,0.15
0x88944fcd7be34f17c8ea43fcc8aa42abf3bb11151e8d60e4f55ef3dd97265776,ETH,Cash Out,0.84561048,0xa7ba0682075482a25189c84e3e2b14fbf7f51c3d,2026-03-01,0.00002319,ETH,0.05,3.1829,0.15,0.15
0xb43ba5e53fae638763f9b37039840ce314d1019a80f281483be142c976305b3f,ETH,Cash Out,0.10133462,0x8b7d4d59ae8fba74d2251f4990785779e37e2395,2026-03-01,0.00002319,ETH,0.05,3.1829,0.15,0.15
0xad70985284616e640f59783f422a5690e8ed8cdee2d17cd4a88602712725177c,ETH,Cash Out,0.40481248,0x02527a148ae4dd5782ad0b13941cbe1f47781065,2026-03-01,0.00002319,ETH,0.05,3.1829,0.15,0.15
0x372033040e5c11938a476f92471ec87ab0db2a33991552e79201b21c5b7244ef,ETH,Cash Out,0.84065865,0xe29da07d9825a6cb09afc9d86ecf96b8f4882915,2026-03-01,0.00002367,ETH,0.05,3.1829,0.15,0.16
0xfa1ed1ab7318bce0c36c9e0c1739d777ba65feecefc08f07de99250857e110c1,ETH,Cash Out,0.84600837,0x8651b85a3d3eb729b9b04483427b1bb74e7ee86e,2026-03-01,0.00002363,ETH,0.05,3.1829,0.15,0.16
0xe827e7e6d44f18d061344773d688fdcb34dd5f24d2d52fe72bdb1254d6863dcf,ETH,Cash Out,0.84359437,0xc85e1c1923ba29764d798edc5a9f54f9ec788a1e,2026-03-01,0.00002363,ETH,0.05,3.1829,0.15,0.16
0xac30e31b8f534a041f7e94709b5a9970b0b5f50c2c6ca15d8d4b73373b0e7e89,ETH,Cash Out,0.85732437,0x88b5398c08bf6b60cf4644b445d4e49b2d86a783,2026-03-01,0.00002363,ETH,0.05,3.1829,0.15,0.16
0x4482eddb79d5bbfd6fd4143ec9bfaeed4d9df1c57d42ea9c9f65619e8164fabc,ETH,Cash Out,0.85744737,0xa6953c4d708ac07d54cdda68c754c4ecd1784e02,2026-03-01,0.00002363,ETH,0.05,3.1829,0.15,0.16
0x7b29294626fa56c4f3f22ffad8fad670b1b9f1c99bf8a2a76439a4cf0b226aee,ETH,Cash Out,0.12001549,0x18cea36a01fa67eeb83d08c54854422b135db23a,2026-03-01,0.00002225,ETH,0.04,3.1829,0.14,0.15
0x6c271365cba4c3bdff5332ee666ea11447374fd2729bde0da84a57db6b4b779a,ETH,Cash Out,0.53244849,0xd37602da37014925849144b87f8a000ebdf338b8,2026-03-01,0.00002225,ETH,0.04,3.1829,0.14,0.15
0x7afe26abf6e25a24d03c5e50da6424860144ab33ae525904f7e4b320c4d8c642,ETH,Cash Out,0.08587849,0x606a702f847e0f49cdccdd5aa990fc3fa3679820,2026-03-01,0.00002225,ETH,0.04,3.1829,0.14,0.15
0xab8ef5e3308d2cafcd93332cca4bb875a05cf1e81657a88ce5bc5701a135e8c7,ETH,Cash Out,0.08577066,0x745206c3ef515a81e633462112c5a812b00e7ea7,2026-03-01,0.00002225,ETH,0.04,3.1829,0.14,0.15
0xb8da9686b29c7c118cb1d64a84a12bdb4bbc73e80d8d760c6b475e98c14b2491,ETH,Cash Out,0.84254849,0x5d277bbcc09e37e50d18d59052bfd2f3df004e3a,2026-03-01,0.00002225,ETH,0.04,3.1829,0.14,0.15
0x87fe674a40272e4702c4047713f31fa7e53e810cfb52b40d31df7bf0dd0bae91,ETH,Cash Out,0.85662719,0xd839acf7e9f4bb95b422dec80eba42afd8043ee6,2026-03-01,0.00002241,ETH,0.04,3.1829,0.14,0.15
0x918eef85ef50396eb2ebd028a7190452db2434641439cfc3ddc8b665d8abb426,ETH,Cash Out,0.13707563,0x34e1a178e2ca31a4542727a63510146c2ca12c7b,2026-03-01,0.00002213,ETH,0.04,3.1829,0.14,0.15
0x781f2c6bd7e36f7c107d95e2dce8b75350138189e42367991fe27d83993ebf52,ETH,Cash Out,0.77177263,0x3d2529aa2081959e77abf2b2250d35eb00c7bc8f,2026-03-01,0.00002213,ETH,0.04,3.1829,0.14,0.15
0xabe076a490aaec875cdd722b302bc4b317e1d9a40df401e02b80ea0c823a95f7,ETH,Cash Out,0.85763063,0xea5c7de6cad56f83c30a9f944dff72bb383eab6e,2026-03-01,0.00002213,ETH,0.04,3.1829,0.14,0.15
0x4384ed236002a9afa0f7f838303c5e7682ab342a8c7be8198c091b5b5a13b8e0,ETH,Cash Out,0.66228295,0x4d8afab772be0bd3f623808c4aed091dc080900f,2026-03-01,0.00002202,ETH,0.04,3.1829,0.14,0.15
0x148d57d73a3f99428a1dc0e2c703dd854892d9dc45b02216c87b6ac3d0f6fc65,ETH,Cash Out,0.37551760,0xf910186db0540ecbb01774771acf0eedf8d5aa91,2026-03-01,0.00002225,ETH,0.04,3.1829,0.14,0.15
0x0cfb0ac6c527bcc8817913964e63a6825e34be9ec038e7c15f5f0c1afc16dcd9,ETH,Cash Out,0.49524060,0x4ccfa823c65bd83dc11665cc9d1763a6721d7c42,2026-03-01,0.00002225,ETH,0.04,3.1829,0.14,0.15
0x324a4c5091fe0dc9db23a3d9aee26b524662506e92effbd04f05c4f499c7a023,ETH,Cash Out,0.82676360,0x825f14952e7bee3c8e7cc1a117da0f47b833df65,2026-03-01,0.00002225,ETH,0.04,3.1829,0.14,0.15
0x7745fbff919867d61eeb69a06fd525250116d792e424fec16e6b24605a5f5137,ETH,Cash Out,0.85374360,0x943164543b1c5b7d3bbe533749cf8a7822273460,2026-03-01,0.00002225,ETH,0.04,3.1829,0.14,0.15
0x2a52d459beb23f0be6563755b90e9ea60c53369b27174ca7124c21d7f2236886,ETH,Cash Out,0.85449060,0x1d6c78d09dcf9cd45ce7a2ee773c23ab5fcd3e30,2026-03-01,0.00002225,ETH,0.04,3.1829,0.14,0.15
0xdc2f9fca4ba50830d256a78ed0f321758615923040f556ee7971db49a0d4f1bf,ETH,Cash Out,0.35896096,0x420b11206bc4cf135d11db6c29b555d1f36f7fab,2026-03-01,0.00002202,ETH,0.04,3.1829,0.14,0.15
0xba10dfec7d9730b393d8fcce42091fbdccf702a8f4c898cf9af7b1b0ca07c30d,ETH,Cash Out,0.83616752,0x6c20e5b3cc280c2ff2c04042c7a8a2d7491f2f17,2026-03-01,0.00002186,ETH,0.04,3.1829,0.14,0.14
0x5c0cf64bd98458a7f55c02deab8d798671af0acae70c4ed7481e71462cc76c35,ETH,Cash Out,0.85587082,0x5bf3039f57bb060d24af9a9e6622711a0718871c,2026-03-01,0.00002159,ETH,0.04,3.1829,0.14,0.14
0x898759878df9a227b719be1be757634710cf9fa2a8d815f54d3a58b0f3e679c6,ETH,Cash Out,0.85690182,0x09798315173d6b33d1d244c7e41c607ca3f7ae96,2026-03-01,0.00002159,ETH,0.04,3.1829,0.14,0.14
0xe80ab74042dc2f5ca048d2bc476b1a927c094439da663d61e9494cbe413368d0,ETH,Cash Out,0.85639182,0x77c9f090dfd7a807e4d308014785979eea19a8c7,2026-03-01,0.00002159,ETH,0.04,3.1829,0.14,0.14
0x4aba539bcd129be07b74242c8b2d2a4f8ae7c0a146fd4d13a1fe8baef9412839,ETH,Cash Out,0.85676382,0xf21a56d62df78a88e9bd64c1fe22f7c0d1bf11ec,2026-03-01,0.00002155,ETH,0.04,3.1829,0.13,0.14
0x4c219643247b47eecfd61d25f9fb5b43a849b1199df23dd2afb8b0e65e8d6078,ETH,Cash Out,0.85760358,0xc38f05985e1a44443e4b3b57b129bea5d36e3d14,2026-03-01,0.00002171,ETH,0.04,3.1829,0.14,0.14
0x0576315efbb9547fb8751fc54d6b93c3d0756b0fb87ddf0b4f8c505bba547b03,ETH,Cash Out,0.85484658,0xf06b2563172d3c5d13e67101e091703df088e4f1,2026-03-01,0.00002171,ETH,0.04,3.1829,0.14,0.14
0xd2e4ec0fa54415afd3fd1a1da1b3b41ee217c93f0d65370b99e4065e027a7f0f,ETH,Cash Out,0.85527458,0x0e6465996c546ddec7bd70872b89dcb206541180,2026-03-01,0.00002171,ETH,0.04,3.1829,0.14,0.14
0x9e8cd96d50a72025ba9c4dc3528a1984bee792f19750c5acaa226de446fa0a98,ETH,Cash Out,0.85300458,0x1fda32db9f533595d2a4813a87b9a17e2f313426,2026-03-01,0.00002171,ETH,0.04,3.1829,0.14,0.14
0xf8b7e04d639c2f6450fd4ab8938750ed15a2a0deae5f51faf8742c5b5d866479,ETH,Cash Out,0.85076162,0x9ce5a740b05639b28d5c1769424242e1cf6107d5,2026-03-01,0.00002169,ETH,0.04,3.1829,0.14,0.14
0x8d94a3c65e29ca961f64cea78ac4837ab508c15ad22443f89b1b541c0479b082,ETH,Cash Out,0.85139662,0xd34434e3a43abe71a0ad96069c0b4418d143fd99,2026-03-01,0.00002169,ETH,0.04,3.1829,0.14,0.14
0x3f9c3f00c6b6343358b5e5b65f0ac293d7f90cc806d37854208100d0465d4d2b,ETH,Cash Out,0.16990758,0xc905266c75d2d95d188d83ea278c550dd4494501,2026-03-01,0.00002171,ETH,0.04,3.1829,0.14,0.14
0x7dab82d59e89b390aad0f543757c40bbb027714ec99929233b3897e7e58e56f0,ETH,Cash Out,0.54146747,0x0d52c5af403d552056c4903685324a0b6ccc0c33,2026-03-01,0.00002176,ETH,0.04,3.1829,0.14,0.14
0xf03c0fa0e9cbc2726f77671792ad39b44c42f1d081795e5d198a47f5a38e6a18,ETH,Cash Out,0.82938347,0xc1ad42d77f8d0333810f6a0d2b1d9129af21930b,2026-03-01,0.00002176,ETH,0.04,3.1829,0.14,0.14
0x8a87ac4f69276d4cd3f1c84ddb76cdca89c9bb6e31d630ef7b1b6889165581fd,ETH,Cash Out,0.84591147,0x91a950826c1349b43fdc935182deb86595f51035,2026-03-01,0.00002176,ETH,0.04,3.1829,0.14,0.14
0xda6e8057bac86427b5844b85e8ae38205a62a3b84322a9c41880424ec0684553,ETH,Cash Out,0.84475766,0x744a88077ff6fc3c6ccd5de36005890f8e31d226,2026-03-01,0.00002167,ETH,0.04,3.1829,0.14,0.14
0xf95f4d263247b2a4c2ec63ada94599dda11a9d3bd2016e470ef288017ae166da,ETH,Cash Out,0.84509065,0x6e200873c81a4d36cb908edcd584a3819b637f08,2026-03-01,0.00002161,ETH,0.04,3.1829,0.14,0.14
