hash,blockchain,transaction_type,amount,wallet_address,date,fee_crypto,fee_crypto_symbol,fee_usd,usd_ils_rate,fee_ils_standard,fee_ils_markup_6pct,crypto_amount_sent,error
9b20e191dd7895ef85b0b12ce41233f5e32f830f40875581fc972b6d33aafd5e,BTC,send,0.0109046,bc1qn7j6et49gnta0g4gamkd6klfp707hm6pttale5,2026-03-06,1.7e-06,BTC,0.12,3.1829,0.38,0.41,0.0109046,
0x011f5a949658e8b51d87c8a36005a997a5403333defc2a42010a202343f2d59d,USDT-ERC20,send,1100.907324,0x6ab7d97d45b607c3f3def9cb6cc25f86113eb8a8,2026-03-06,6.617e-05,ETH,0.14,3.1829,0.44,0.46,1100.907324,
29d4fcaa59851ac657913e9c4ce258161569a6f8b1f08cb383318f3aaba9375c,BTC,send,0.0122073,bc1q75e57las0hdyeh8hezrgn8qd33wkfad89wszwp,2026-03-06,1.7e-06,BTC,0.12,3.1829,0.38,0.41,0.0122073,
0xb1bbb01beb3dc7395cb43fccfbce8d6c412b8726eb376e7f03478f7e20edfb0c,USDT-ERC20,send,305.80759,0x559703c911bc0ec6bdb7bd4b4a095d7fbbe2f1d6,2026-03-06,4.83e-05,ETH,0.1,3.1829,0.32,0.34,305.80759,
0x3062c5cadcdb6104b05f578c32d517f70fbe32afa7d4b02861577992ce00c533,USDT-ERC20,send,61.053974,0xfaf31a7f3917247b2206763c9158eb1c8f4d1ca5,2026-03-06,4.827e-05,ETH,0.1,3.1829,0.32,0.34,61.053974,
0xab4ea43174e0a84efd1d6639dd4b40e96d5c6e6e151410ddb120dde96cdfc590,USDT-ERC20,send,158.777169,0x53e1a7f7fd370b5fcdcda3675b2564e7a0865beb,2026-03-06,6.667e-05,ETH,0.14,3.1829,0.44,0.47,158.777169,
0x1833311314f548564f90ab9cd3dd1210753c73af16a18ba4bc5228e23d3267c1,USDT-ERC20,send,76.352663,0x61a68326aa604362bd54f2909065b6d3c963f339,2026-03-06,6.668e-05,ETH,0.14,3.1829,0.44,0.47,76.352663,
0x260f606baac350ee19726ec264cb5ed803065f92dd4befdff397d6dfd7ea5e90,ETH,send,0.014819,0xe124070196ad7683f305774e0ead6f86f7c82e1c,2026-03-06,2.196e-05,ETH,0.05,3.1829,0.14,0.15,0.014819,
0x158c8bc15d106f3418ff04859d29019e4219e584ecaad4e7955de1a548db69fb,ETH,send,0.221985,0xbe16baec312f2f89a27100a7454c970c45866fd9,2026-03-06,2.215e-05,ETH,0.05,3.1829,0.15,0.16,0.221985,
0xb7198e11484396a68036d9e15cefa4a13557df43efdc761624e8ab59022aba01,ETH,send,0.73995,0x80a0bbc3888559430a8420407e1b69d412765158,2026-03-06,2.208e-05,ETH,0.05,3.1829,0.15,0.15,0.73995,
0xb2d85ccc4876342295b1108eb508a48aa6a6ea4c36a7d93503f807a190648a1a,ETH,send,0.066519,0xab4b2157073ff748a13d46588123cad9ffbb359d,2026-03-06,2.196e-05,ETH,0.05,3.1829,0.15,0.15,0.066519,
0x28dc43a9529c7d6405624fda271d739346eb9494ae85203f42b400fa2b65e22a,ETH,send,0.090588,0xf732cd6a5892acf5538f780f5e374b5c0b8bd42e,2026-03-06,2.205e-05,ETH,0.05,3.1829,0.15,0.15,0.090588,
1b3ce95730610287f62ac282cbd82b69c7ea5f460bcf86692dc60f928a19a2b7,BTC,send,0.02435893,bc1qa0pefzvz8qux36cfzrw5t5p03ftv7jphmelx3l,2026-03-06,2.07e-06,BTC,0.15,3.1829,0.47,0.49,0.02435893,
0x06294f804e8fa351dc7b2b82994681fda177d7107e936382e28f162da6c808ba,ETH,send,0.073945,0x6d214f383df0dae618785284e59c740f83531598,2026-03-06,2.21e-05,ETH,0.05,3.1829,0.15,0.15,0.073945,
0x0f84964b46ca8ab997bc82e2930b948ae1f35a190c2319e476a8d34d25936262,ETH,send,0.177468,0x35711bcc116c4dbc5193e985ab066dc0a5d55ab6,2026-03-06,2.196e-05,ETH,0.05,3.1829,0.14,0.15,0.177468,
0x5157226628a7118ec409823c5b925c44c2c802c30254691b01519e70f5886b1d,ETH,send,0.73945,0x80a0bbc3888559430a8420407e1b69d412765158,2026-03-06,2.201e-05,ETH,0.05,3.1829,0.15,0.15,0.73945,
0x4b3a9257fe095766ae5e19313790a73c9d2d4420c604130a8840e5cb468a939d,USDT-ERC20,send,305.517025,0xde379809124954c08b824d0a69ccae4915fb68b5,2026-03-06,4.803e-05,ETH,0.1,3.1829,0.32,0.34,305.517025,
0xb87e7fcc1e007976e01434e650069dacc8a58a32a4ad21bc0057d7bc990519d1,USDT-ERC20,send,1527.585125,0x5c9175b4518b408649c20ca2d9e11b582e614ded,2026-03-06,6.656e-05,ETH,0.14,3.1829,0.44,0.47,1527.585125,
1b3ce95730610287f62ac282cbd82b69c7ea5f460bcf86692dc60f928a19a2b7,BTC,send,0.02435893,bc1qa0pefzvz8qux36cfzrw5t5p03ftv7jphmelx3l,2026-03-06,2.07e-06,BTC,0.15,3.1829,0.47,0.49,0.02435893,
0x59e5b919b146664eea4550864a6d43bbf495857b0c0eed976c8b27ce07200db1,ETH,send,0.007399,0x4017f7f1f16045333f969adef7bb1976fd4bd0fb,2026-03-06,2.188e-05,ETH,0.05,3.1829,0.14,0.15,0.007399,
a21f5cc8fdd6d4fae3277d4f8e771b3ad497a0342fe0b4517642d0f47ebac7c0,BTC,send,1.14618252,bc1q2dyjnvfxxyzdk9p0d5cjcd437vn0ncdrz2zgx0,2026-03-06,3.56e-06,BTC,0.25,3.1829,0.8,0.85,1.14618252,
0x68010d1a498518f60e4815335d26ef4a8419b96048c207406eca046d2b7d29c2,USDT-ERC20,send,30.541065,0x29297b2985c89a8943d69cc4f93f89d03687bb0e,2026-03-06,4.824e-05,ETH,0.1,3.1829,0.32,0.34,30.541065,
0x37b1be69356f368365a5d0ac337ecef48b44be841d0208f48c5e2ca0c72386a1,USDT-ERC20,send,1527.053275,0x8d357ea2ad642c1c2365f42d9ebf410fb9313983,2026-03-06,4.854e-05,ETH,0.1,3.1829,0.32,0.34,1527.053275,
0x9d3d5b7f38b2dac05adfe946ff26aba351f7684cbf5cbcba1f60a8200bf81b23,ETH,send,0.73895,0x4841563363ff6c82b9e855f2dc7e2eb384f672c4,2026-03-06,2.189e-05,ETH,0.05,3.1829,0.14,0.15,0.73895,
a21f5cc8fdd6d4fae3277d4f8e771b3ad497a0342fe0b4517642d0f47ebac7c0,BTC,send,1.14618252,bc1q2dyjnvfxxyzdk9p0d5cjcd437vn0ncdrz2zgx0,2026-03-06,3.56e-06,BTC,0.25,3.1829,0.8,0.85,1.14618252,
0xc19b2c043605f7bf8772c434b431782e13a242be17e6a58073218ae6b8ba4b85,USDT-ERC20,send,1221.64262,0x8d357ea2ad642c1c2365f42d9ebf410fb9313983,2026-03-06,6.657e-05,ETH,0.14,3.1829,0.44,0.47,1221.64262,
0xfc2f80e3472f6fb8f5ec7d62d51ba6ebc6b6b91af252649126f203911b40cceb,USDT-ERC20,send,61.089407,0xd2246de48d309adbebd58ef72abff5f2dbf687c3,2026-03-06,4.794e-05,ETH,0.1,3.1829,0.32,0.34,61.089407,
0x3505c27e4cd08c2fb7ccfb8466e51329c53f84a16208493b197fe88106eab8aa,USDT-ERC20,send,122.178812,0x82f015b255b2be3775e2ef766e67f3cfa952cbf3,2026-03-06,4.8e-05,ETH,0.1,3.1829,0.32,0.34,122.178812,
0x92b0aab4bee7ba7207272f6ddd9feccc14fad54205dd5ab58c5f682e3853a108,ETH,send,0.73995,0x4841563363ff6c82b9e855f2dc7e2eb384f672c4,2026-03-06,2.181e-05,ETH,0.05,3.1829,0.14,0.15,0.73995,
0x0153b874ce946ba301fee6d091aa5e52d5810572bc05258fabb2396a755db34c,ETH,send,0.207235,0x263d87a0ec34f043027050f82d9658d49ded7d16,2026-03-06,2.196e-05,ETH,0.05,3.1829,0.15,0.15,0.207235,
a21f5cc8fdd6d4fae3277d4f8e771b3ad497a0342fe0b4517642d0f47ebac7c0,BTC,send,1.14618252,bc1q2dyjnvfxxyzdk9p0d5cjcd437vn0ncdrz2zgx0,2026-03-06,3.56e-06,BTC,0.25,3.1829,0.8,0.85,1.14618252,
a21f5cc8fdd6d4fae3277d4f8e771b3ad497a0342fe0b4517642d0f47ebac7c0,BTC,send,1.14618252,bc1q2dyjnvfxxyzdk9p0d5cjcd437vn0ncdrz2zgx0,2026-03-06,3.56e-06,BTC,0.25,3.1829,0.8,0.85,1.14618252,
a21f5cc8fdd6d4fae3277d4f8e771b3ad497a0342fe0b4517642d0f47ebac7c0,BTC,send,1.14618252,bc1q2dyjnvfxxyzdk9p0d5cjcd437vn0ncdrz2zgx0,2026-03-06,3.56e-06,BTC,0.25,3.1829,0.8,0.85,1.14618252,
0xd0a3bf477f9e1e4c036ec5d38434dcee304f8548dc70dc073e24b2a893a9c3cc,USDT-ERC20,send,152.670355,0x32558e8ed12ccd2c5c4734db50e13a2a421763bf,2026-03-06,6.677e-05,ETH,0.14,3.1829,0.44,0.47,152.670355,
0x4af7ad4881b4b7c32c05cf2dc30ca6a93183ad699ced334686a58d4f41a16309,USDT-ERC20,send,30.541065,0xa6fc8e1cec584d95941a16cd571ee33f9792f011,2026-03-06,4.861e-05,ETH,0.1,3.1829,0.32,0.34,30.541065,
0x48e11126c45196d0fb2ba9e59c74c69b0ab111ec58af8d3aa6167009e8d2e585,ETH,send,0.063882,0xb45a190d2b01e71d9bf0cee85171517a0597fe71,2026-03-06,2.22e-05,ETH,0.05,3.1829,0.15,0.16,0.063882,
0xd2aeda75ec8fc5f86aa714550d16c84634294630d6c19b80172973b4adf8defa,USDT-ERC20,send,45.811597,0x29297b2985c89a8943d69cc4f93f89d03687bb0e,2026-03-06,4.875e-05,ETH,0.1,3.1829,0.32,0.34,45.811597,
0x93a50882e52fd1f558ec158dee5b52cdfa2dbeab9d621f82f3af23521b84702c,USDT-ERC20,send,916.02213,0x9886af3502c5be9a5af33eba431fd682c82699c8,2026-03-06,6.706e-05,ETH,0.14,3.1829,0.44,0.47,916.02213,
a21f5cc8fdd6d4fae3277d4f8e771b3ad497a0342fe0b4517642d0f47ebac7c0,BTC,send,1.14618252,bc1q2dyjnvfxxyzdk9p0d5cjcd437vn0ncdrz2zgx0,2026-03-06,3.56e-06,BTC,0.25,3.1829,0.8,0.85,1.14618252,
91d992db64e501ba66ff9bbbdb1fc560ff490a1c134a770e2cd1ae5306568d72,BTC,send,1.15763408,bc1qpg2msf8mzln9t5gs6ykalhh4x02ksrkxa0dzdg,2026-03-06,2.07e-06,BTC,0.15,3.1829,0.47,0.49,1.15763408,
0x623a2bbd41d58fd6517b7d7d3d8377a712d10ec4d86ebdf9e131607584a7c10f,USDT-ERC20,send,152.670355,0xa6fc8e1cec584d95941a16cd571ee33f9792f011,2026-03-06,4.874e-05,ETH,0.1,3.1829,0.32,0.34,152.670355,
0xb68a284c2d26a9c96787a78b72c642b046f4061d141d09fb7496fa9d5f56dfa9,USDT-ERC20,send,122.178812,0x4dfe60cdd494e25e98fce5f39690a1d7045f5adf,2026-03-06,4.897e-05,ETH,0.1,3.1829,0.32,0.34,122.178812,
0xf6065b500b73d5804d06b7c8246c03a3529d1907b54da33a13ab386863131a6c,USDT-ERC20,send,21.381291,0x070a9241388d75cd1da6c8a36cb47ab51dc1523d,2026-03-06,6.754e-05,ETH,0.14,3.1829,0.45,0.47,21.381291,
0xec87fccb62d32c9254fb5f0438f7c711c3aff2728a7dfb2793a53baa00525c96,ETH,send,0.014792,0x33f5230d2750876bb34c981c70396c5a255deaa8,2026-03-06,2.254e-05,ETH,0.05,3.1829,0.15,0.16,0.014792,
0x22a620b1783ff99c8e1e570f2315d8798848137b01f907bc1e546711931c5c34,USDT-ERC20,send,51.91981,0x5d48f6650796e35f01b1435a628ca5dd089ffb71,2026-03-06,4.965e-05,ETH,0.1,3.1829,0.33,0.35,51.91981,
0x22b6852014310856a8691237476714ad739ce294c149ff78f6bac70936a14de7,USDT-ERC20,send,305.37521,0x48415f3bbbcfcf175d0028e5662cd8e059ee0871,2026-03-06,4.94e-05,ETH,0.1,3.1829,0.33,0.35,305.37521,
0xc4251538502c37cc0c0d00b59a95737a6ce213ac7a74153a99c829fdbb129140,USDT-ERC20,send,305.447035,0x60f301a82e3ec90175b601bcfa2b656691f13443,2026-03-06,6.847e-05,ETH,0.14,3.1829,0.45,0.48,305.447035,
0xd1dfd2f341ca5b8455ccd67c6212efd41bb7f800a17953da9bd251be1ed57d52,ETH,send,0.10354,0x0780d0fefe41fed20386ed130f9813f62706942b,2026-03-06,2.266e-05,ETH,0.05,3.1829,0.15,0.16,0.10354,
0x80e86c0c9fb5e37b7b0f18cd9fde673817cdc094abce958fa3d9e0d3425a1564,USDT-ERC20,send,1527.235175,0x722763de37a3012e19959da83234bc72d1404072,2026-03-06,4.974e-05,ETH,0.1,3.1829,0.33,0.35,1527.235175,
91d992db64e501ba66ff9bbbdb1fc560ff490a1c134a770e2cd1ae5306568d72,BTC,send,1.15763408,bc1qpg2msf8mzln9t5gs6ykalhh4x02ksrkxa0dzdg,2026-03-06,2.07e-06,BTC,0.15,3.1829,0.47,0.49,1.15763408,
0x358f64072ed4b83ca0a5e5f73f5dff8d4d62108458d241d6ccb0bfcab71a04f7,USDT-ERC20,send,1069.064622,0x56aa7c05d06fee0714b22b4c3e22f9944df84509,2026-03-06,4.971e-05,ETH,0.1,3.1829,0.33,0.35,1069.064622,
0x90c3d11f4e65450fa957ba3ecc02ced4041ede9dbaa7370e573634fb1c784a8d,USDT-ERC20,send,1527.235175,0x722763de37a3012e19959da83234bc72d1404072,2026-03-06,5.016e-05,ETH,0.1,3.1829,0.33,0.35,1527.235175,
0x76fe5dfe4e2337df86667eca6dba2233466cc6eba1340418c1005e2d46a73ae2,USDT-ERC20,send,610.82131,0xee086b24e34dcd4e468473807c9321c40a652f9f,2026-03-06,5.032e-05,ETH,0.1,3.1829,0.33,0.35,610.82131,
0xf0c6653a9686f7aaf7356c5f96038cfb5e91448ad266709d4003b4b246955faa,ETH,send,0.291481,0x5572fd04da90c74a50b8a2b80411668b119e86af,2026-03-06,2.303e-05,ETH,0.05,3.1829,0.15,0.16,0.291481,
d6ad16d82ae1619e138e1662f9d621d554e4b471065f1bdc41bd1e4f1be9e51e,BTC,send,1.18383115,bc1q9ls5ymy52stjh85gus9wk88ttx8jawvgcttedc,2026-03-06,2.85e-06,BTC,0.2,3.1829,0.64,0.68,1.18383115,
d6ad16d82ae1619e138e1662f9d621d554e4b471065f1bdc41bd1e4f1be9e51e,BTC,send,1.18383115,bc1q9ls5ymy52stjh85gus9wk88ttx8jawvgcttedc,2026-03-06,2.85e-06,BTC,0.2,3.1829,0.64,0.68,1.18383115,
0xb2784f9b68df03145b42ad7c4612b0107703d0cc30d012216b866e89c41aab61,USDT-ERC20,send,427.476994,0x731069cf2e029b79423bf7be8c32a572f41cc035,2026-03-06,6.951e-05,ETH,0.14,3.1829,0.46,0.49,427.476994,
d6ad16d82ae1619e138e1662f9d621d554e4b471065f1bdc41bd1e4f1be9e51e,BTC,send,1.18383115,bc1q9ls5ymy52stjh85gus9wk88ttx8jawvgcttedc,2026-03-06,2.85e-06,BTC,0.2,3.1829,0.64,0.68,1.18383115,
0x4b2887c98d6236698de842669209f5722d17b6c28fd2a1a5b04c445d80db6a5b,ETH,send,0.02226,0x93a42cc7f2b70ebe756f6d03b6ed76ca5bbb20f4,2026-03-06,2.215e-05,ETH,0.05,3.1829,0.15,0.16,0.02226,
0x035397522da34e8e61ea37e69ab288ed6a55536b8248d08ef9317a1f44f8560e,USDT-ERC20,send,1526.52645,0x46a9fe64006ac4987f6918bdedfc00c455ab2926,2026-03-06,4.89e-05,ETH,0.1,3.1829,0.32,0.34,1526.52645,
d6ad16d82ae1619e138e1662f9d621d554e4b471065f1bdc41bd1e4f1be9e51e,BTC,send,1.18383115,bc1q9ls5ymy52stjh85gus9wk88ttx8jawvgcttedc,2026-03-06,2.85e-06,BTC,0.2,3.1829,0.64,0.68,1.18383115,
0xa6c7eabf2ddf08abd04eca3aaf3b48e45b5352e6ae7d5f775c5661c7df573c4b,USDT-ERC20,send,1526.70355,0x46a9fe64006ac4987f6918bdedfc00c455ab2926,2026-03-06,6.757e-05,ETH,0.14,3.1829,0.45,0.47,1526.70355,
0xa72a5de2f1094a0932deda29f4683e9647e4141d64924e5fc05902a53bc9189a,USDT-ERC20,send,1038.158414,0xa3c765089d518b1fd4a10b04cc12a7bd6fcba0fb,2026-03-06,4.963e-05,ETH,0.1,3.1829,0.33,0.35,1038.158414,
0fe56b48c2f52af13931d0e4343a1271eac06c2c69da714c6a681872151c1b58,BTC,send,1.282519,13JL29mcdfbVEQUi6G4aXgezjx13ow3TS4,2026-03-06,5.66e-06,BTC,0.4,3.1829,1.28,1.35,1.282519,
0x486a9dcd0967e90d783ffa4afe934af7102f4ad4db1761b6a233d640b94c8d85,USDT-ERC20,send,30.537521,0xd50f3725703cb462a153256e2a680580d55e4f74,2026-03-06,4.981e-05,ETH,0.1,3.1829,0.33,0.35,30.537521,
0x38fe022c8b38bd39c96e9488331534769378641a18c900f18374814bad7d7491,ETH,send,0.029778,0x97f1fc4459117bb6bf5d595ed98739662f4c3f28,2026-03-06,2.284e-05,ETH,0.05,3.1829,0.15,0.16,0.029778,
0x4ef0ced3251c1d2c5e9f3fb35ad389307feb2d008f47c76e2e8a0467a9232cad,USDT-ERC20,send,51.91981,0x9a20cf780f76db478ebd49d777d967da5c99127b,2026-03-06,5.046e-05,ETH,0.1,3.1829,0.33,0.35,51.91981,
0fe56b48c2f52af13931d0e4343a1271eac06c2c69da714c6a681872151c1b58,BTC,send,1.282519,13JL29mcdfbVEQUi6G4aXgezjx13ow3TS4,2026-03-06,5.66e-06,BTC,0.4,3.1829,1.28,1.35,1.282519,
0fe56b48c2f52af13931d0e4343a1271eac06c2c69da714c6a681872151c1b58,BTC,send,1.282519,13JL29mcdfbVEQUi6G4aXgezjx13ow3TS4,2026-03-06,5.66e-06,BTC,0.4,3.1829,1.28,1.35,1.282519,
0x957f2a5237b7903d825a54028b90d9dbf4f07770ab3ab4ef7dc37854307f136a,USDT-ERC20,send,305.48249,0xbdd2d311968546f3f9054f21145657d425a0c064,2026-03-06,4.858e-05,ETH,0.1,3.1829,0.32,0.34,305.48249,
0fe56b48c2f52af13931d0e4343a1271eac06c2c69da714c6a681872151c1b58,BTC,send,1.282519,13JL29mcdfbVEQUi6G4aXgezjx13ow3TS4,2026-03-06,5.66e-06,BTC,0.4,3.1829,1.28,1.35,1.282519,
0fe56b48c2f52af13931d0e4343a1271eac06c2c69da714c6a681872151c1b58,BTC,send,1.282519,13JL29mcdfbVEQUi6G4aXgezjx13ow3TS4,2026-03-06,5.66e-06,BTC,0.4,3.1829,1.28,1.35,1.282519,
0fe56b48c2f52af13931d0e4343a1271eac06c2c69da714c6a681872151c1b58,BTC,send,1.282519,13JL29mcdfbVEQUi6G4aXgezjx13ow3TS4,2026-03-06,5.66e-06,BTC,0.4,3.1829,1.28,1.35,1.282519,
0x2006eb12f750768383f2a2f01427e9f70947553cf29407eb62ac03122e17c5a5,USDT-ERC20,send,611.03405,0x0fd4280696db5bd6b8215fb241d17bcf871399e9,2026-03-06,4.978e-05,ETH,0.1,3.1829,0.33,0.35,611.03405,
0x4b855ea255d2ae405062b36669e1e04c549bee8668040cd8798b73630c0d8464,USDT-ERC20,send,336.10775,0x3c199f9bdb7d69624a34ee7b51ab88ca9c8f44e6,2026-03-06,6.822e-05,ETH,0.14,3.1829,0.45,0.48,336.10775,
0fe56b48c2f52af13931d0e4343a1271eac06c2c69da714c6a681872151c1b58,BTC,send,1.282519,13JL29mcdfbVEQUi6G4aXgezjx13ow3TS4,2026-03-06,5.66e-06,BTC,0.4,3.1829,1.28,1.35,1.282519,
0fe56b48c2f52af13931d0e4343a1271eac06c2c69da714c6a681872151c1b58,BTC,send,1.282519,13JL29mcdfbVEQUi6G4aXgezjx13ow3TS4,2026-03-06,5.66e-06,BTC,0.4,3.1829,1.28,1.35,1.282519,
0x23d944a1550bd7fa088657dd56a47e26889639a2a66c6186ebe7767354379cd1,ETH,send,0.333655,0x65901ed38d3a99dad0a1dc6175d876203e26ca6e,2026-03-06,2.294e-05,ETH,0.05,3.1829,0.15,0.16,0.333655,
0fe56b48c2f52af13931d0e4343a1271eac06c2c69da714c6a681872151c1b58,BTC,send,1.282519,13JL29mcdfbVEQUi6G4aXgezjx13ow3TS4,2026-03-06,5.66e-06,BTC,0.4,3.1829,1.28,1.35,1.282519,
0xf029ba7e7ec40df2eba6b5f8e65beb9b85f42acacafe54f0d884605da58d1e3f,ETH,send,0.023703,0x4845de28a896e76c386e4c3a2ab06c7fed029576,2026-03-06,2.268e-05,ETH,0.05,3.1829,0.15,0.16,0.023703,
0x03d681a55d296db80075a30f2969e0980708153e8cf57a8d413a81639b78cd95,USDT-ERC20,send,61.124694,0x5348075c8b09957869f998665abbbcffcf65d4c4,2026-03-06,4.986e-05,ETH,0.1,3.1829,0.33,0.35,61.124694,
ee3679d54ee907653fdf745609d01529a5c4fcb6279055903a82097abfbc463d,BTC,send,1.39594573,bc1quuucsahz56h9j8lyyznl9xpvcvwte49rtq48rn,2026-03-06,3.99e-06,BTC,0.28,3.1829,0.9,0.95,1.39594573,
ee3679d54ee907653fdf745609d01529a5c4fcb6279055903a82097abfbc463d,BTC,send,1.39594573,bc1quuucsahz56h9j8lyyznl9xpvcvwte49rtq48rn,2026-03-06,3.99e-06,BTC,0.28,3.1829,0.9,0.95,1.39594573,
ee3679d54ee907653fdf745609d01529a5c4fcb6279055903a82097abfbc463d,BTC,send,1.39594573,bc1quuucsahz56h9j8lyyznl9xpvcvwte49rtq48rn,2026-03-06,3.99e-06,BTC,0.28,3.1829,0.9,0.95,1.39594573,
ee3679d54ee907653fdf745609d01529a5c4fcb6279055903a82097abfbc463d,BTC,send,1.39594573,bc1quuucsahz56h9j8lyyznl9xpvcvwte49rtq48rn,2026-03-06,3.99e-06,BTC,0.28,3.1829,0.9,0.95,1.39594573,
0x0584e3ba44ba47e29acf16987d443430c302ecf61d89b6ec2689790f6583a2f8,USDT-ERC20,send,61.18135,0xf80f233996a29f3167daa29dd5440cae4793fa3d,2026-03-06,6.775e-05,ETH,0.14,3.1829,0.45,0.47,61.18135,
0x403981436ed09bd808e4a4444046698bd390dc2bc74c0221fea23428cd78e635,USDT-ERC20,send,122.348478,0xcd6db38c7ce2f48db8d2daa52ac8c06ee1b245b6,2026-03-06,6.734e-05,ETH,0.14,3.1829,0.44,0.47,122.348478,
0xd69befb403a1fa90d2798a5865c86c6f5aa0fe0fb01a2bf9391a987912ba19f5,ETH,send,0.007367,0xcb3f61b4217db0eaec8629a833f48f480d218f82,2026-03-06,2.244e-05,ETH,0.05,3.1829,0.15,0.16,0.007367,
0xf8bdd75725cd7353b4f8fd08d82866a3c8bb3fe5d3be80a112b1c3a5c47b5158,ETH,send,0.014744,0x3b5b08a543f1c11777280c966d6a0616061f83c9,2026-03-06,2.241e-05,ETH,0.05,3.1829,0.15,0.16,0.014744,
0x03b6ea8b469267ce8b04ca0af54499b4af1cb7a4fc31c8457925200e2b61c5d1,ETH,send,0.007374,0x004dbc569ce77c204174a989bcc886e0dc884a99,2026-03-06,2.24e-05,ETH,0.05,3.1829,0.15,0.16,0.007374,
0xfba0ada083d117112c8d646f39051d71bcebada6062bb6c01d0e0a3ff81e1c41,ETH,send,0.70692,0xa38d67d6a16cbca004d306b2479efe1bcda73597,2026-03-06,2.237e-05,ETH,0.05,3.1829,0.15,0.16,0.70692,
ee3679d54ee907653fdf745609d01529a5c4fcb6279055903a82097abfbc463d,BTC,send,1.39594573,bc1quuucsahz56h9j8lyyznl9xpvcvwte49rtq48rn,2026-03-06,3.99e-06,BTC,0.28,3.1829,0.9,0.95,1.39594573,
0x31c78c32e6fa01e4141c0a39adbd770da8232158fa4f07ee0859874871af789c,ETH,send,0.324468,0xcb3f61b4217db0eaec8629a833f48f480d218f82,2026-03-06,2.24e-05,ETH,0.05,3.1829,0.15,0.16,0.324468,
0xbe4ed4451ba51ad20f1d145ad279e3d505aed52f0e9563eed8ef08f907382267,ETH,send,0.73665,0xa38d67d6a16cbca004d306b2479efe1bcda73597,2026-03-06,2.239e-05,ETH,0.05,3.1829,0.15,0.16,0.73665,
ee3679d54ee907653fdf745609d01529a5c4fcb6279055903a82097abfbc463d,BTC,send,1.39594573,bc1quuucsahz56h9j8lyyznl9xpvcvwte49rtq48rn,2026-03-06,3.99e-06,BTC,0.28,3.1829,0.9,0.95,1.39594573,
ee3679d54ee907653fdf745609d01529a5c4fcb6279055903a82097abfbc463d,BTC,send,1.39594573,bc1quuucsahz56h9j8lyyznl9xpvcvwte49rtq48rn,2026-03-06,3.99e-06,BTC,0.28,3.1829,0.9,0.95,1.39594573,
0x8a953cea710e84ead29a5fd519a8002d5f21342aaebe3ab46a8ef90fb70aa3c2,USDT-ERC20,send,107.09226,0x004dbc569ce77c204174a989bcc886e0dc884a99,2026-03-06,6.728e-05,ETH,0.14,3.1829,0.44,0.47,107.09226,
0x2a8fc7fd006713ddab57a234508998a85968514f5f16cd3c9bb856d9104b75d9,USDT-ERC20,send,61.202694,0x950c9693a75727e9f0c5fcd60253d3b900590493,2026-03-06,4.839e-05,ETH,0.1,3.1829,0.32,0.34,61.202694,
0x26dcbc6e42ddca4d6fba6d7defe046f26ba10ccbaafe25623a6151e90b28693c,USDT-ERC20,send,1530.596612,0xce8573b15f61b542d0f1851ff0ae080dfcdf6329,2026-03-06,6.658e-05,ETH,0.14,3.1829,0.44,0.47,1530.596612,
0xac5bcafe73029d2eef7c4fb5351c8c9581e5485aa0375bdae9f0ec9f7a664c2e,USDT-ERC20,send,459.126982,0xb781a6305df8e8d63ff75453a499e8256e131060,2026-03-06,6.645e-05,ETH,0.14,3.1829,0.44,0.47,459.126982,
0x24633e2b74b420c4652e517bbc56f8cb53983abc6da490e660f50d9b699e5b94,USDT-ERC20,send,612.30987,0x2d11672603855ac7c364520a6c2df91e2b78d7a6,2026-03-06,4.849e-05,ETH,0.1,3.1829,0.32,0.34,612.30987,
105672c15db8e8d0cede407778044a07902374654231e6b368478b99700e43bb,BTC,send,0.01461193,bc1qauj7em8xgs24qsndjmeaaj5rje3azp5qkzzydx,2026-03-06,2.07e-06,BTC,0.15,3.1829,0.47,0.49,0.01461193,
105672c15db8e8d0cede407778044a07902374654231e6b368478b99700e43bb,BTC,send,0.01461193,bc1qauj7em8xgs24qsndjmeaaj5rje3azp5qkzzydx,2026-03-06,2.07e-06,BTC,0.15,3.1829,0.47,0.49,0.01461193,
0xd1aaadf955c3f985fc03fc545c1ee4b444c92960d9e75aa22479f31bb0a4272c,USDT-ERC20,send,122.391156,0x677b0ee6986ed8a9ba9b992d9cb0e055c2d18d3b,2026-03-06,6.583e-05,ETH,0.14,3.1829,0.43,0.46,122.391156,
0xcded6ee3a5c5dc67285ff5570e71ac9095d2572bbdd5a01d2ef55de3b85b89da,USDT-ERC20,send,918.147164,0x46f0a68154e7e6db90dabb5f3184f771ad065695,2026-03-06,4.819e-05,ETH,0.1,3.1829,0.32,0.34,918.147164,
0x4f19eceee42ab8a39ec5ae1d88f66f6aa821b82f0d0de98fc3ccd49e7cc639f6,USDT-ERC20,send,1530.245275,0x46f0a68154e7e6db90dabb5f3184f771ad065695,2026-03-06,4.783e-05,ETH,0.1,3.1829,0.32,0.33,1530.245275,
0xb884620dae20f3d837f8ac18f9a888d73224a989eb41d97faa108265de127eac,USDT-ERC20,send,551.014785,0x45f153c5b4832f9c65ac548f79ccb41218cd71c3,2026-03-06,4.794e-05,ETH,0.1,3.1829,0.32,0.34,551.014785,
0x356417f1ca11a21d46c9966114d6e9ed6838d7ca8722fb66c89dd3e5eaf9cd8f,USDT-ERC20,send,428.567055,0x6ab7d97d45b607c3f3def9cb6cc25f86113eb8a8,2026-03-06,4.783e-05,ETH,0.1,3.1829,0.32,0.33,428.567055,
0xaa0266bc24cecae1b2836702b9aee86f61b5c1c7e856eddc34546453b6f43d99,USDT-ERC20,send,1530.596621,0x46f0a68154e7e6db90dabb5f3184f771ad065695,2026-03-06,4.818e-05,ETH,0.1,3.1829,0.32,0.34,1530.596621,
0x71e0b5b298a981112469d0691e25cd5ac6a185b51ce77f4766e234bfd9efe9c1,USDT-ERC20,send,76.55678,0xa73ccc9657afbac72018e931f2e5a9a121a1e4c5,2026-03-06,6.531e-05,ETH,0.14,3.1829,0.43,0.46,76.55678,
0x8d52d8ba328ac273e02bbc93b00a2d72050e0f9f3d80d7dd12da370f5b63644e,USDT-ERC20,send,1531.135623,0x46f0a68154e7e6db90dabb5f3184f771ad065695,2026-03-06,4.781e-05,ETH,0.1,3.1829,0.32,0.33,1531.135623,
0x3975a26e754b0dac4dfed06da46dd91204112ddde70710f65fbd89b0bea28fd6,USDT-ERC20,send,1531.135625,0x6ab7d97d45b607c3f3def9cb6cc25f86113eb8a8,2026-03-06,6.548e-05,ETH,0.14,3.1829,0.43,0.46,1531.135625,
0x2a8528224cdedaf046dbafef661519d8c3c7880bd6e2a5531a8d6d4e1c3fd2e4,USDT-ERC20,send,1530.95746,0x45f153c5b4832f9c65ac548f79ccb41218cd71c3,2026-03-06,6.554e-05,ETH,0.14,3.1829,0.43,0.46,1530.95746,
0xb316b358e0a20647987a128222f291a84c7434d1cf0465c924905471b91ce66e,USDT-ERC20,send,1530.423271,0x46f0a68154e7e6db90dabb5f3184f771ad065695,2026-03-06,4.768e-05,ETH,0.1,3.1829,0.31,0.33,1530.423271,
0xebd3d58e22fcd0561c43c8541391044d25ccab297bd1a9567eec4835a72d105c,USDT-ERC20,send,1530.957475,0x46f0a68154e7e6db90dabb5f3184f771ad065695,2026-03-06,4.794e-05,ETH,0.1,3.1829,0.32,0.34,1530.957475,
8d07a947aafcf737bd747749ca74d23af2ad5f6fc6b7c38b792f435377179fa3,BTC,send,1.41375472,bc1qwxl3cdpyxe30qur3j6dyj39umw009qu9vfs8ma,2026-03-06,8.02e-06,BTC,0.57,3.1829,1.81,1.92,1.41375472,
8d07a947aafcf737bd747749ca74d23af2ad5f6fc6b7c38b792f435377179fa3,BTC,send,1.41375472,bc1qwxl3cdpyxe30qur3j6dyj39umw009qu9vfs8ma,2026-03-06,8.02e-06,BTC,0.57,3.1829,1.81,1.92,1.41375472,
8d07a947aafcf737bd747749ca74d23af2ad5f6fc6b7c38b792f435377179fa3,BTC,send,1.41375472,bc1qwxl3cdpyxe30qur3j6dyj39umw009qu9vfs8ma,2026-03-06,8.02e-06,BTC,0.57,3.1829,1.81,1.92,1.41375472,
8d07a947aafcf737bd747749ca74d23af2ad5f6fc6b7c38b792f435377179fa3,BTC,send,1.41375472,bc1qwxl3cdpyxe30qur3j6dyj39umw009qu9vfs8ma,2026-03-06,8.02e-06,BTC,0.57,3.1829,1.81,1.92,1.41375472,
8d07a947aafcf737bd747749ca74d23af2ad5f6fc6b7c38b792f435377179fa3,BTC,send,1.41375472,bc1qwxl3cdpyxe30qur3j6dyj39umw009qu9vfs8ma,2026-03-06,8.02e-06,BTC,0.57,3.1829,1.81,1.92,1.41375472,
8d07a947aafcf737bd747749ca74d23af2ad5f6fc6b7c38b792f435377179fa3,BTC,send,1.41375472,bc1qwxl3cdpyxe30qur3j6dyj39umw009qu9vfs8ma,2026-03-06,8.02e-06,BTC,0.57,3.1829,1.81,1.92,1.41375472,
0x4d909ba6b5bdd14a1e375b8886ae0e9930eca541f6b838174d1a4912a161da0b,USDT-ERC20,send,1531.135621,0x46f0a68154e7e6db90dabb5f3184f771ad065695,2026-03-06,4.775e-05,ETH,0.1,3.1829,0.32,0.33,1531.135621,
8d07a947aafcf737bd747749ca74d23af2ad5f6fc6b7c38b792f435377179fa3,BTC,send,1.41375472,bc1qwxl3cdpyxe30qur3j6dyj39umw009qu9vfs8ma,2026-03-06,8.02e-06,BTC,0.57,3.1829,1.81,1.92,1.41375472,
0x5e59ac921ad51ec1b0ab67f8bb40ae4ebb45ebf3bd4e4621f5d81d52f61bd08c,USDT-ERC20,send,612.52364,0xac0ec0383f2259525e039a5015086a43ba962d7c,2026-03-06,6.534e-05,ETH,0.14,3.1829,0.43,0.46,612.52364,
0x7ba415c7ef8c0ff5607f0b6397a62d75017695248c6c5c1e161dc4ee2a15f8f9,USDT-ERC20,send,107.191638,0x0bce5f30b21be74b669988c2f8c488a17dff1203,2026-03-06,4.797e-05,ETH,0.1,3.1829,0.32,0.34,107.191638,
0x8af74fb23ec54304295d964ea396f56a9f1ea402ab22fba4d2e9b0151d528551,USDT-ERC20,send,796.373435,0x1f4d40c539b1fa6d6e6a5a0a1b1dd456037c068a,2026-03-06,6.586e-05,ETH,0.14,3.1829,0.43,0.46,796.373435,
0x0ea12bd2f52821a0b23441866fd88b3d45c95692016ecea203570731f4f6f7b8,ETH,send,0.176226,0x381b409787962401d71b2ea576c16240ba6488c3,2026-03-06,2.19e-05,ETH,0.05,3.1829,0.14,0.15,0.176226,
0xea5bd53d87555a6fe5a0762315016aa48cf906db7a6a3642eb0cb146909d504e,ETH,send,0.051363,0x7d070a14f67d86a6263f062a34aa53d41b3f7cb5,2026-03-06,2.195e-05,ETH,0.05,3.1829,0.14,0.15,0.051363,
0xcabd2633ba6a4bf154d4b5625fcf48aebb3e9237134fabbeae23ac23fbb10721,ETH,send,0.030268,0x99f849df52eabc82a7a7e5494e42aef6a5fd574c,2026-03-06,2.189e-05,ETH,0.05,3.1829,0.14,0.15,0.030268,
0x2eaa6ece1523a641faa5e46f19bd8505e6cd6d5021618010ca993826cf970e5f,USDT-ERC20,send,21.440822,0x6878c8395a6d6908780f106918a24e2a6494d883,2026-03-06,4.782e-05,ETH,0.1,3.1829,0.32,0.33,21.440822,
0x1f8c22845953016cebe01a339a902c63b3d3ac30f905e33d2a33d29c672a12e1,ETH,send,0.544344,0x5ecc688f14beaead38568f11fc81a78d20631152,2026-03-06,2.182e-05,ETH,0.05,3.1829,0.14,0.15,0.544344,
0x3a3ece9187320bf54f5e0703c91830c55daca3d16e88dd685c8ff7e10293f284,USDT-ERC20,send,36.747254,0xe75d1453700bd421f3e9c2b9aea8847c2fe7b2c2,2026-03-06,4.796e-05,ETH,0.1,3.1829,0.32,0.34,36.747254,
0x6941c4db369a7f8eefef521288e5786a19783e3f79435dbfd151bddb3f421c12,ETH,send,0.396951,0xde2329a0169c64ce178355c885ff5e08f1811584,2026-03-06,2.185e-05,ETH,0.05,3.1829,0.14,0.15,0.396951,
0xa0e489dffd3f404467960f3675e6b984da3c07d91f8852da1eaf381701da92c6,ETH,send,0.14699,0x3292665f87ee12ba98370e7725d017843ea0b61f,2026-03-06,2.186e-05,ETH,0.05,3.1829,0.14,0.15,0.14699,
0x0aa15d78bfd8fbec6baa88368996cbd81c1d13929c2a5c98ef3a5744f6369993,ETH,send,0.73445,0x5ecc688f14beaead38568f11fc81a78d20631152,2026-03-06,2.185e-05,ETH,0.05,3.1829,0.14,0.15,0.73445,
156f590a2dba1db20013ce24a6fbb73ece0b9d52d9086c567ed85189d20d869c,BTC,send,0.0118914,bc1qnhgzp84zeu0kmsg66yk9dra5gdc9vrxk2rdk4r,2026-03-06,2.08e-06,BTC,0.15,3.1829,0.47,0.5,0.0118914,
156f590a2dba1db20013ce24a6fbb73ece0b9d52d9086c567ed85189d20d869c,BTC,send,0.0118914,bc1qnhgzp84zeu0kmsg66yk9dra5gdc9vrxk2rdk4r,2026-03-06,2.08e-06,BTC,0.15,3.1829,0.47,0.5,0.0118914,
0xb9e0a287e16aedc52ecb90e8cc3a4075ec15a6ae64b9b1fc1852e0fc710d40cb,ETH,send,0.029416,0xecf18b41675c80d1bd0650e2fee9d73a3d56dbae,2026-03-06,2.192e-05,ETH,0.05,3.1829,0.14,0.15,0.029416,
0x7a1c9017686256a0e8869734f1def4d6592dd15fefc9520c15dc518bdf2397e4,USDT-ERC20,send,122.44773,0xbb13c6178c2b3253911cdd03644657c26a4b06d5,2026-03-06,6.542e-05,ETH,0.14,3.1829,0.43,0.46,122.44773,
0xc9fd50600cf9e59c2a4ceb9cc3c1c3f347c5ba44e1724e7214f4e2b6b2092e5e,USDT-ERC20,send,183.692961,0xc0557ab779dc8f2c6a93658f0eac8b63e3431897,2026-03-06,4.79e-05,ETH,0.1,3.1829,0.32,0.34,183.692961,
0x7b9298bbaede4e5cc0cdcbe52bf8a90b3e22e583ea58956eb7d9711f2c489457,ETH,send,0.07367,0x1c839bb59f076fcc67ac207ad4963fd0fa0e2931,2026-03-06,2.193e-05,ETH,0.05,3.1829,0.14,0.15,0.07367,
0x9da3e1d6a9831ee77d83c39e8272f1b6714227dbc554aaf4032c1556b604fdff,USDT-ERC20,send,1531.135625,0xc0557ab779dc8f2c6a93658f0eac8b63e3431897,2026-03-06,4.802e-05,ETH,0.1,3.1829,0.32,0.34,1531.135625,
0xd1eae0d1bd7b821a25c3099fb062ca42d9793bb3c53350171f9292fc28c09eb0,USDT-ERC20,send,275.572338,0xbcc2a5b56be15ffdaccaee22e96e5a76e1adc858,2026-03-06,6.594e-05,ETH,0.14,3.1829,0.44,0.46,275.572338,
0x2a35bf1b3a031c3f879447199dd794a4b0058299c590bd50aa044aab52addf86,ETH,send,0.2664,0x27a38e027bb6a316748fca856826761e6b70e8ee,2026-03-05,2.86e-05,ETH,0.06,3.1829,0.19,0.21,0.2664,
0x5fc52b90af757a7acfd2970866312119e3623c312d026a4a004b7a5d9d005852,ETH,send,0.74085,0x27a38e027bb6a316748fca856826761e6b70e8ee,2026-03-05,3.095e-05,ETH,0.07,3.1829,0.21,0.22,0.74085,
